[{"model": "auth.permission", "pk": 1, "fields": {"name": "Can add log entry", "content_type": 1, "codename": "add_logentry"}}, {"model": "auth.permission", "pk": 2, "fields": {"name": "Can change log entry", "content_type": 1, "codename": "change_logentry"}}, {"model": "auth.permission", "pk": 3, "fields": {"name": "Can delete log entry", "content_type": 1, "codename": "delete_logentry"}}, {"model": "auth.permission", "pk": 4, "fields": {"name": "Can view log entry", "content_type": 1, "codename": "view_logentry"}}, {"model": "auth.permission", "pk": 5, "fields": {"name": "Can add permission", "content_type": 2, "codename": "add_permission"}}, {"model": "auth.permission", "pk": 6, "fields": {"name": "Can change permission", "content_type": 2, "codename": "change_permission"}}, {"model": "auth.permission", "pk": 7, "fields": {"name": "Can delete permission", "content_type": 2, "codename": "delete_permission"}}, {"model": "auth.permission", "pk": 8, "fields": {"name": "Can view permission", "content_type": 2, "codename": "view_permission"}}, {"model": "auth.permission", "pk": 9, "fields": {"name": "Can add group", "content_type": 3, "codename": "add_group"}}, {"model": "auth.permission", "pk": 10, "fields": {"name": "Can change group", "content_type": 3, "codename": "change_group"}}, {"model": "auth.permission", "pk": 11, "fields": {"name": "Can delete group", "content_type": 3, "codename": "delete_group"}}, {"model": "auth.permission", "pk": 12, "fields": {"name": "Can view group", "content_type": 3, "codename": "view_group"}}, {"model": "auth.permission", "pk": 13, "fields": {"name": "Can add user", "content_type": 4, "codename": "add_user"}}, {"model": "auth.permission", "pk": 14, "fields": {"name": "Can change user", "content_type": 4, "codename": "change_user"}}, {"model": "auth.permission", "pk": 15, "fields": {"name": "Can delete user", "content_type": 4, "codename": "delete_user"}}, {"model": "auth.permission", "pk": 16, "fields": {"name": "Can view user", "content_type": 4, "codename": "view_user"}}, {"model": "auth.permission", "pk": 17, "fields": {"name": "Can add content type", "content_type": 5, "codename": "add_contenttype"}}, {"model": "auth.permission", "pk": 18, "fields": {"name": "Can change content type", "content_type": 5, "codename": "change_contenttype"}}, {"model": "auth.permission", "pk": 19, "fields": {"name": "Can delete content type", "content_type": 5, "codename": "delete_contenttype"}}, {"model": "auth.permission", "pk": 20, "fields": {"name": "Can view content type", "content_type": 5, "codename": "view_contenttype"}}, {"model": "auth.permission", "pk": 21, "fields": {"name": "Can add session", "content_type": 6, "codename": "add_session"}}, {"model": "auth.permission", "pk": 22, "fields": {"name": "Can change session", "content_type": 6, "codename": "change_session"}}, {"model": "auth.permission", "pk": 23, "fields": {"name": "Can delete session", "content_type": 6, "codename": "delete_session"}}, {"model": "auth.permission", "pk": 24, "fields": {"name": "Can view session", "content_type": 6, "codename": "view_session"}}, {"model": "auth.permission", "pk": 25, "fields": {"name": "Can add category", "content_type": 7, "codename": "add_category"}}, {"model": "auth.permission", "pk": 26, "fields": {"name": "Can change category", "content_type": 7, "codename": "change_category"}}, {"model": "auth.permission", "pk": 27, "fields": {"name": "Can delete category", "content_type": 7, "codename": "delete_category"}}, {"model": "auth.permission", "pk": 28, "fields": {"name": "Can view category", "content_type": 7, "codename": "view_category"}}, {"model": "auth.permission", "pk": 29, "fields": {"name": "Can add question", "content_type": 8, "codename": "add_question"}}, {"model": "auth.permission", "pk": 30, "fields": {"name": "Can change question", "content_type": 8, "codename": "change_question"}}, {"model": "auth.permission", "pk": 31, "fields": {"name": "Can delete question", "content_type": 8, "codename": "delete_question"}}, {"model": "auth.permission", "pk": 32, "fields": {"name": "Can view question", "content_type": 8, "codename": "view_question"}}, {"model": "auth.permission", "pk": 33, "fields": {"name": "Can add test", "content_type": 9, "codename": "add_test"}}, {"model": "auth.permission", "pk": 34, "fields": {"name": "Can change test", "content_type": 9, "codename": "change_test"}}, {"model": "auth.permission", "pk": 35, "fields": {"name": "Can delete test", "content_type": 9, "codename": "delete_test"}}, {"model": "auth.permission", "pk": 36, "fields": {"name": "Can view test", "content_type": 9, "codename": "view_test"}}, {"model": "auth.permission", "pk": 37, "fields": {"name": "Can add profile", "content_type": 10, "codename": "add_profile"}}, {"model": "auth.permission", "pk": 38, "fields": {"name": "Can change profile", "content_type": 10, "codename": "change_profile"}}, {"model": "auth.permission", "pk": 39, "fields": {"name": "Can delete profile", "content_type": 10, "codename": "delete_profile"}}, {"model": "auth.permission", "pk": 40, "fields": {"name": "Can view profile", "content_type": 10, "codename": "view_profile"}}, {"model": "auth.permission", "pk": 41, "fields": {"name": "Can add test detail", "content_type": 11, "codename": "add_testdetail"}}, {"model": "auth.permission", "pk": 42, "fields": {"name": "Can change test detail", "content_type": 11, "codename": "change_testdetail"}}, {"model": "auth.permission", "pk": 43, "fields": {"name": "Can delete test detail", "content_type": 11, "codename": "delete_testdetail"}}, {"model": "auth.permission", "pk": 44, "fields": {"name": "Can view test detail", "content_type": 11, "codename": "view_testdetail"}}, {"model": "auth.permission", "pk": 45, "fields": {"name": "Can add contact", "content_type": 12, "codename": "add_contact"}}, {"model": "auth.permission", "pk": 46, "fields": {"name": "Can change contact", "content_type": 12, "codename": "change_contact"}}, {"model": "auth.permission", "pk": 47, "fields": {"name": "Can delete contact", "content_type": 12, "codename": "delete_contact"}}, {"model": "auth.permission", "pk": 48, "fields": {"name": "Can view contact", "content_type": 12, "codename": "view_contact"}}, {"model": "auth.permission", "pk": 49, "fields": {"name": "Can add question profile", "content_type": 13, "codename": "add_questionprofile"}}, {"model": "auth.permission", "pk": 50, "fields": {"name": "Can change question profile", "content_type": 13, "codename": "change_questionprofile"}}, {"model": "auth.permission", "pk": 51, "fields": {"name": "Can delete question profile", "content_type": 13, "codename": "delete_questionprofile"}}, {"model": "auth.permission", "pk": 52, "fields": {"name": "Can view question profile", "content_type": 13, "codename": "view_questionprofile"}}, {"model": "contenttypes.contenttype", "pk": 1, "fields": {"app_label": "admin", "model": "logentry"}}, {"model": "contenttypes.contenttype", "pk": 2, "fields": {"app_label": "auth", "model": "permission"}}, {"model": "contenttypes.contenttype", "pk": 3, "fields": {"app_label": "auth", "model": "group"}}, {"model": "contenttypes.contenttype", "pk": 4, "fields": {"app_label": "auth", "model": "user"}}, {"model": "contenttypes.contenttype", "pk": 5, "fields": {"app_label": "contenttypes", "model": "contenttype"}}, {"model": "contenttypes.contenttype", "pk": 6, "fields": {"app_label": "sessions", "model": "session"}}, {"model": "contenttypes.contenttype", "pk": 7, "fields": {"app_label": "Interviewer", "model": "category"}}, {"model": "contenttypes.contenttype", "pk": 8, "fields": {"app_label": "Interviewer", "model": "question"}}, {"model": "contenttypes.contenttype", "pk": 9, "fields": {"app_label": "Interviewer", "model": "test"}}, {"model": "contenttypes.contenttype", "pk": 10, "fields": {"app_label": "account", "model": "profile"}}, {"model": "contenttypes.contenttype", "pk": 11, "fields": {"app_label": "Interviewer", "model": "testdetail"}}, {"model": "contenttypes.contenttype", "pk": 12, "fields": {"app_label": "Interviewer", "model": "contact"}}, {"model": "contenttypes.contenttype", "pk": 13, "fields": {"app_label": "account", "model": "questionprofile"}}, {"model": "sessions.session", "pk": "04rhfgiuiv1fbl6snnomk59u4zy9e5pq", "fields": {"session_data": ".eJxVjMsKwyAQAP_FcxFTX2uPvfcbZHWXmrYoxORU-u9FyCG5zgzzFRG3tcSt8xJnEjcxicuRJcxvrkPQC-uzydzqusxJjkTutstHI_7c9_Y0KNjL2CbyExujMWiw_hpCgAyoLRqbjdIamDxlUD4xIQMkNI6ZlFLkrHPi9wfQcTey:1r5pSe:vfYtnCdQNVPAKOTXsEJ2skw1gUNhiT2wM1K3W4tiqaM", "expire_date": "2023-12-06T15:48:20.147Z"}}, {"model": "sessions.session", "pk": "0t1e0u3n08i94ei20i8atzjih6nf66u8", "fields": {"session_data": ".eJxVjMsKwyAQAP_FcxFTX2uPvfcbZHWXmrYoxORU-u9FyCG5zgzzFRG3tcSt8xJnEjcxicuRJcxvrkPQC-uzydzqusxJjkTutstHI_7c9_Y0KNjL2CbyExujMWiw_hpCgAyoLRqbjdIamDxlUD4xIQMkNI6ZlFLkrHPi9wfQcTey:1r5kTX:d3buE16UxMHyXQKE8KoQDgAHORvJvYWUyhJlmhgFbjE", "expire_date": "2023-12-06T10:28:55.644Z"}}, {"model": "sessions.session", "pk": "33zqxgztigmmkjf6fmyz6i40w0vhzd6m", "fields": {"session_data": ".eJxVjMsKwyAQAP_FcxFTX2uPvfcbZHWXmrYoxORU-u9FyCG5zgzzFRG3tcSt8xJnEjcxicuRJcxvrkPQC-uzydzqusxJjkTutstHI_7c9_Y0KNjL2CbyExujMWiw_hpCgAyoLRqbjdIamDxlUD4xIQMkNI6ZlFLkrHPi9wfQcTey:1r8oXT:f4dSqQtStdZjtJhnq-3ub6fcubh4I3w69oZJzqE7k_c", "expire_date": "2023-12-14T21:25:39.004Z"}}, {"model": "sessions.session", "pk": "41b3sl4wz6escpvt1mu3ytz3x4akr457", "fields": {"session_data": ".eJxVjMsKwyAQAP_FcxFTX2uPvfcbZHWXmrYoxORU-u9FyCG5zgzzFRG3tcSt8xJnEjcxicuRJcxvrkPQC-uzydzqusxJjkTutstHI_7c9_Y0KNjL2CbyExujMWiw_hpCgAyoLRqbjdIamDxlUD4xIQMkNI6ZlFLkrHPi9wfQcTey:1r7jXG:CCopo7E0zFIKb0WuzAvqs4m154HQS_D9_kIvSLQBNsc", "expire_date": "2023-12-11T21:52:58.602Z"}}, {"model": "sessions.session", "pk": "6vfctvbm2ujgr5eh7d0hryjduhb2f9om", "fields": {"session_data": ".eJxVjMsKwyAQAP_FcxFTX2uPvfcbZHWXmrYoxORU-u9FyCG5zgzzFRG3tcSt8xJnEjcxicuRJcxvrkPQC-uzydzqusxJjkTutstHI_7c9_Y0KNjL2CbyExujMWiw_hpCgAyoLRqbjdIamDxlUD4xIQMkNI6ZlFLkrHPi9wfQcTey:1r6Gjr:25D6exQiJ4itYYSjSWh_bp3Cdy9RFzEDvKbakDMSjrU", "expire_date": "2023-12-07T20:55:55.526Z"}}, {"model": "sessions.session", "pk": "7vz7r866stcr827fo9jdrcjk70y6f0cc", "fields": {"session_data": ".eJxVjMsKwyAQAP_FcxFTX2uPvfcbZHWXmrYoxORU-u9FyCG5zgzzFRG3tcSt8xJnEjcxicuRJcxvrkPQC-uzydzqusxJjkTutstHI_7c9_Y0KNjL2CbyExujMWiw_hpCgAyoLRqbjdIamDxlUD4xIQMkNI6ZlFLkrHPi9wfQcTey:1r9PBl:IX6-SAgP9zrO2tOrtTXtmZ_3gsOeJlD0-JIMXEYIxcs", "expire_date": "2023-12-16T12:33:41.816Z"}}, {"model": "sessions.session", "pk": "7xiqpgr3jbofkzuevfsb2d5jzq0it44h", "fields": {"session_data": ".eJxVjEEOwiAURO_C2hA-UASX7j0D-XxAqgaS0q6Md5cmXWgyi8m8mXkzj9ta_NbT4ufILsyw028WkJ6p7iA-sN4bp1bXZQ58r_CDdn5rMb2uR_fvoGAvY-0EEJKms0UzFIXLYF2aUARpdFSUXdZu_KXhVQCQGiwo6aaUIQfFPl_zVDgv:1r9NBs:qYTQErNU8Oo20-k0iRQytsy9m4aVzLEQ89JSk7pIeUY", "expire_date": "2023-12-16T10:25:40.653Z"}}, {"model": "sessions.session", "pk": "8qug735zfxm1ftitjg3q36bjcjhebqru", "fields": {"session_data": ".eJxVjDsOwjAQBe_iGln-x0tJzxmsXXuDA8iR4qRC3B0ipYD2zcx7iYTbWtPWeUlTEWehxel3I8wPbjsod2y3Wea5rctEclfkQbu8zoWfl8P9O6jY67dWAZGcV8qPVqsBfDFAweLoHGUzIBgO2gZvgThmjwoKG7JFRwaIwYv3B8m_N0U:1rPqgc:wEX8Hmg21OALvLrqBMzIvHiZnmQZE3nZWp0YSaPkuyU", "expire_date": "2024-01-30T21:09:30.191Z"}}, {"model": "sessions.session", "pk": "8s4k7skr5lp9l19nv83bp2161sv1p93f", "fields": {"session_data": ".eJxVjMsKwyAQAP_FcxFTX2uPvfcbZHWXmrYoxORU-u9FyCG5zgzzFRG3tcSt8xJnEjcxicuRJcxvrkPQC-uzydzqusxJjkTutstHI_7c9_Y0KNjL2CbyExujMWiw_hpCgAyoLRqbjdIamDxlUD4xIQMkNI6ZlFLkrHPi9wfQcTey:1r98kS:DFiqeJDu-vAhE2h__E-8GAdEkxOlX446xTEFXx3riF8", "expire_date": "2023-12-15T19:00:24.006Z"}}, {"model": "sessions.session", "pk": "8xakdhgvx3gi698sqlgojucnz29nnk1v", "fields": {"session_data": ".eJxVjDsOwjAQBe_iGln-x0tJzxmsXXuDA8iR4qRC3B0ipYD2zcx7iYTbWtPWeUlTEWehxel3I8wPbjsod2y3Wea5rctEclfkQbu8zoWfl8P9O6jY67dWAZGcV8qPVqsBfDFAweLoHGUzIBgO2gZvgThmjwoKG7JFRwaIwYv3B8m_N0U:1rRBnZ:xTRh4DZUDTfrM0l6aHsjWZLRbet1JmS3Toneq5hWKoU", "expire_date": "2024-02-03T13:54:13.103Z"}}, {"model": "sessions.session", "pk": "9227y1jxoraj8pqvew0n2rx2yp2sm687", "fields": {"session_data": ".eJxVjDsOwjAQBe_iGln-x0tJzxmsXXuDA8iR4qRC3B0ipYD2zcx7iYTbWtPWeUlTEWehxel3I8wPbjsod2y3Wea5rctEclfkQbu8zoWfl8P9O6jY67dWAZGcV8qPVqsBfDFAweLoHGUzIBgO2gZvgThmjwoKG7JFRwaIwYv3B8m_N0U:1rQwte:0s9vDm_pi3SH7jdYGBPDeV2UmCaB0Mx-KE4NBHo3Mmc", "expire_date": "2024-02-02T21:59:30.793Z"}}, {"model": "sessions.session", "pk": "beo9un7lo7q4684p4htzmqkugaci416c", "fields": {"session_data": ".eJxVjDsOwjAQBe_iGln-x0tJzxmsXXuDA8iR4qRC3B0ipYD2zcx7iYTbWtPWeUlTEWehxel3I8wPbjsod2y3Wea5rctEclfkQbu8zoWfl8P9O6jY67dWAZGcV8qPVqsBfDFAweLoHGUzIBgO2gZvgThmjwoKG7JFRwaIwYv3B8m_N0U:1rPMJj:1VYg9ilN_zvik0KeQIkF938JIvWpY41LbnLab48OU9s", "expire_date": "2024-01-29T12:43:51.301Z"}}, {"model": "sessions.session", "pk": "hlqpb54eu8k8rrysjybfrlthzzq4tt48", "fields": {"session_data": ".eJxVjMsKwyAQAP_FcxFTX2uPvfcbZHWXmrYoxORU-u9FyCG5zgzzFRG3tcSt8xJnEjcxicuRJcxvrkPQC-uzydzqusxJjkTutstHI_7c9_Y0KNjL2CbyExujMWiw_hpCgAyoLRqbjdIamDxlUD4xIQMkNI6ZlFLkrHPi9wfQcTey:1r9PST:Kfu8IiY4XrDBj00SYilXxJZsNLmWY5IFZLtdIAU-7Io", "expire_date": "2023-12-16T12:50:57.407Z"}}, {"model": "sessions.session", "pk": "iph7902nylw4555kjjq42cphv9iuuc44", "fields": {"session_data": ".eJxVjMsKwyAQAP_FcxFTX2uPvfcbZHWXmrYoxORU-u9FyCG5zgzzFRG3tcSt8xJnEjcxicuRJcxvrkPQC-uzydzqusxJjkTutstHI_7c9_Y0KNjL2CbyExujMWiw_hpCgAyoLRqbjdIamDxlUD4xIQMkNI6ZlFLkrHPi9wfQcTey:1r6Hjz:yzmWgBwvGFTeE1SKjtxVYHrOsFP2PNgE7KpOcW6BOvU", "expire_date": "2023-12-07T22:00:07.811Z"}}, {"model": "sessions.session", "pk": "isc9kc1et00exmc4ij4c2cliia8bmncz", "fields": {"session_data": ".eJxVjDsOwjAQBe_iGln-x0tJzxmsXXuDA8iR4qRC3B0ipYD2zcx7iYTbWtPWeUlTEWehxel3I8wPbjsod2y3Wea5rctEclfkQbu8zoWfl8P9O6jY67dWAZGcV8qPVqsBfDFAweLoHGUzIBgO2gZvgThmjwoKG7JFRwaIwYv3B8m_N0U:1rR8Pg:fYzhXuqc0IgqqdrnF8BkfI1xSgiiz2xHGNHEl4cHfJs", "expire_date": "2024-02-03T10:17:20.020Z"}}, {"model": "sessions.session", "pk": "jb9yecbvvv0w40hy9d7d28q52lgei74f", "fields": {"session_data": ".eJxVjMsKwyAQAP_FcxFTX2uPvfcbZHWXmrYoxORU-u9FyCG5zgzzFRG3tcSt8xJnEjcxicuRJcxvrkPQC-uzydzqusxJjkTutstHI_7c9_Y0KNjL2CbyExujMWiw_hpCgAyoLRqbjdIamDxlUD4xIQMkNI6ZlFLkrHPi9wfQcTey:1r9PVv:dynzbfk-kafWMxujALji7-ryqzmGV0ypEvuB4DPUa-o", "expire_date": "2023-12-16T12:54:31.402Z"}}, {"model": "sessions.session", "pk": "n1t9pxnra7832tj8qu0brreeg7jqfnkv", "fields": {"session_data": ".eJxVjMsKwyAQAP_FcxFTX2uPvfcbZHWXmrYoxORU-u9FyCG5zgzzFRG3tcSt8xJnEjcxicuRJcxvrkPQC-uzydzqusxJjkTutstHI_7c9_Y0KNjL2CbyExujMWiw_hpCgAyoLRqbjdIamDxlUD4xIQMkNI6ZlFLkrHPi9wfQcTey:1r6Hkt:f2v4RkAxSZjdKJCkObFSQzdV6QvEKzXn2R3TbTPSilA", "expire_date": "2023-12-07T22:01:03.553Z"}}, {"model": "sessions.session", "pk": "prrftpj5ud6id3q2fmp1cbesm4keva0k", "fields": {"session_data": ".eJxVjMsKwyAQAP_FcxFTX2uPvfcbZHWXmrYoxORU-u9FyCG5zgzzFRG3tcSt8xJnEjcxicuRJcxvrkPQC-uzydzqusxJjkTutstHI_7c9_Y0KNjL2CbyExujMWiw_hpCgAyoLRqbjdIamDxlUD4xIQMkNI6ZlFLkrHPi9wfQcTey:1rIV3J:F6QSSWBTxwXPS8_zRqq1vv9z0iTFLlpkIhAdiuSRpGM", "expire_date": "2024-01-10T14:38:33.867Z"}}, {"model": "sessions.session", "pk": "ry6h0ihyq0vkiqm8pgzpu9qjgi5ci1cd", "fields": {"session_data": ".eJxVjMsKwyAQAP_FcxFTX2uPvfcbZHWXmrYoxORU-u9FyCG5zgzzFRG3tcSt8xJnEjcxicuRJcxvrkPQC-uzydzqusxJjkTutstHI_7c9_Y0KNjL2CbyExujMWiw_hpCgAyoLRqbjdIamDxlUD4xIQMkNI6ZlFLkrHPi9wfQcTey:1r8oeB:XrfkJC43Patb7RINaYec3G-fH074ZBBeVAtgcq4GBPU", "expire_date": "2023-12-14T21:32:35.949Z"}}, {"model": "sessions.session", "pk": "x08pxno65hp3eziugip84xlt2801c9pi", "fields": {"session_data": ".eJxVjMsKwyAQAP_FcxFTX2uPvfcbZHWXmrYoxORU-u9FyCG5zgzzFRG3tcSt8xJnEjcxicuRJcxvrkPQC-uzydzqusxJjkTutstHI_7c9_Y0KNjL2CbyExujMWiw_hpCgAyoLRqbjdIamDxlUD4xIQMkNI6ZlFLkrHPi9wfQcTey:1r69sT:4mCug--1NZJF6VxSc8dnLzQqt4VcrpesolKrCHjm1yE", "expire_date": "2023-12-07T13:36:21.060Z"}}, {"model": "sessions.session", "pk": "z7qza8mr5hlw22x07v7ihgsaix451go9", "fields": {"session_data": ".eJxVjMsKwyAQAP_FcxFTX2uPvfcbZHWXmrYoxORU-u9FyCG5zgzzFRG3tcSt8xJnEjcxicuRJcxvrkPQC-uzydzqusxJjkTutstHI_7c9_Y0KNjL2CbyExujMWiw_hpCgAyoLRqbjdIamDxlUD4xIQMkNI6ZlFLkrHPi9wfQcTey:1r6GjL:Y-c-HHhAM6Y4ezl8XvCrEtyxEOSRDAB1YcjAlPgOrZI", "expire_date": "2023-12-07T20:55:23.434Z"}}, {"model": "interviewer.category", "pk": 7, "fields": {"name": "Full Stack Developer", "slug": "full-stack-developer"}}, {"model": "interviewer.category", "pk": 8, "fields": {"name": "Test Engineer", "slug": "test-engineer"}}, {"model": "interviewer.category", "pk": 9, "fields": {"name": "Doctorate", "slug": "doctorate"}}, {"model": "interviewer.category", "pk": 10, "fields": {"name": "Banking", "slug": "banking"}}, {"model": "interviewer.category", "pk": 11, "fields": {"name": "Business Analyst", "slug": "business-analyst"}}, {"model": "interviewer.category", "pk": 12, "fields": {"name": "Mathematics Teaching", "slug": "mathematics-teaching"}}, {"model": "interviewer.category", "pk": 13, "fields": {"name": "Turkish Teaching", "slug": "turkish-teaching"}}, {"model": "interviewer.category", "pk": 14, "fields": {"name": "Artificial Intelligence Engineer", "slug": "artificial-intelligence-engineer"}}, {"model": "interviewer.category", "pk": 15, "fields": {"name": "Data Analyst", "slug": "data-analyst"}}, {"model": "interviewer.test", "pk": 5, "fields": {"title": "Doctorate Mat Question - 1", "test_detail_name": "Mathematical Ability Test", "department_name": "Doctorate", "test_description": null, "question_description": "If a number gives a remainder of 2 when divided by 3 and a remainder of 3 when divided by 5, what could this number be?", "answer_one": "23", "answer_two": "38", "answer_three": "47", "answer_four": "56", "answer_five": "61", "question_image": ""}}, {"model": "interviewer.test", "pk": 6, "fields": {"title": "Doctorate Mat Question - 2", "test_detail_name": "Mathematical Ability Test", "department_name": "Doctorate", "test_description": null, "question_description": "If one angle of a right triangle is 30∘30∘ and another angle is 60∘60∘, what is the measure of the remaining angle?", "answer_one": "45∘45∘", "answer_two": "35∘45∘", "answer_three": "50∘50∘", "answer_four": "90∘90∘", "answer_five": "120∘120∘", "question_image": ""}}, {"model": "interviewer.test", "pk": 7, "fields": {"title": "Doctorate Mat Question - 3", "test_detail_name": "Mathematical Ability Test", "department_name": "Doctorate", "test_description": null, "question_description": "The sum of a series of consecutive positive integers is 1000. What is the largest number in this series?", "answer_one": "111", "answer_two": "123", "answer_three": "143", "answer_four": "156", "answer_five": "166", "question_image": ""}}, {"model": "interviewer.test", "pk": 8, "fields": {"title": "Doctorate Mat Question - 4", "test_detail_name": "Mathematical Ability Test", "department_name": "Doctorate", "test_description": null, "question_description": "If the side lengths of a triangle are 7, 24, and 25 units, what type of triangle is it?", "answer_one": "Isosceles", "answer_two": "Right-angled", "answer_three": "Scalene", "answer_four": "Equilateral", "answer_five": "Obtuse-angled", "question_image": ""}}, {"model": "interviewer.test", "pk": 9, "fields": {"title": "Doctorate Mat Question - 5", "test_detail_name": "Mathematical Ability Test", "department_name": "Doctorate", "test_description": null, "question_description": "If the sum of the digits of a natural number is 9 and the number is divisible by 2, what is the number?", "answer_one": "27", "answer_two": "45", "answer_three": "63", "answer_four": "81", "answer_five": "99", "question_image": ""}}, {"model": "interviewer.test", "pk": 10, "fields": {"title": "Doctorate Ps Question - 1", "test_detail_name": "Problem Solving", "department_name": "Doctorate", "test_description": null, "question_description": "How should the condition of three patients arriving at the emergency room at the same time be evaluated?", "answer_one": "Patients should wait in line; there is no emergency.", "answer_two": "Immediately intervene in the patient with a life-threatening emergency.", "answer_three": "Prioritize other patients for the start of emergency tests.", "answer_four": "Review the treatment plan and change inappropriate medications.", "answer_five": "Intervene in all three patients simultaneously.", "question_image": ""}}, {"model": "interviewer.test", "pk": 11, "fields": {"title": "Doctorate Ps Question - 2", "test_detail_name": "Problem Solving", "department_name": "Doctorate", "test_description": null, "question_description": "A patient shows an unexpected side effect after taking two different medications. What type of test or intervention would you perform?", "answer_one": "Conduct a blood test evaluating the interaction between the two drugs.", "answer_two": "The patient should stop taking the drugs, and alternative treatment should be considered.", "answer_three": "Perform a laboratory test to check for side effects of the medications.", "answer_four": "Conduct an imaging test to assess the severity of the side effect.", "answer_five": "Intervene in all three patients simultaneously.", "question_image": ""}}, {"model": "interviewer.test", "pk": 12, "fields": {"title": "Doctorate Ps Question - 3", "test_detail_name": "Problem Solving", "department_name": "Doctorate", "test_description": null, "question_description": "The laboratory results of a patient deviate from normal values. How should this situation be evaluated, and what should be done regarding the patient's condition?", "answer_one": "Repeat the tests to check for laboratory errors.", "answer_two": "Examine other similar cases and determine the reasons.", "answer_three": "Monitor the patient for further tests and observation.", "answer_four": "Review the treatment plan and change inappropriate medications.", "answer_five": "Conduct blood tests to assess the situation.", "question_image": ""}}, {"model": "interviewer.test", "pk": 13, "fields": {"title": "Doctorate Ps Question - 4", "test_detail_name": "Problem Solving", "department_name": "Doctorate", "test_description": null, "question_description": "In an emergency, you need to treat many patients with limited resources. Which patients or cases do you prioritize?", "answer_one": "Priority should be given to the youngest patients", "answer_two": ") The most severe cases and life-threatening conditions should take precedence.", "answer_three": "Priority should be given to patients experiencing the most pain.", "answer_four": "Speak to the patient and their family using complex terms.", "answer_five": "Minimize communication with the patient and their family.", "question_image": ""}}, {"model": "interviewer.test", "pk": 14, "fields": {"title": "Doctorate Ps Question - 5", "test_detail_name": "Problem Solving", "department_name": "Doctorate", "test_description": null, "question_description": "There is an outbreak of infection in your hospital. What should be done?", "answer_one": "Urgent measures should be taken to isolate infected patients.", "answer_two": "Treatment of infected patients should be immediately stopped.", "answer_three": "Hospital staff should be trained to prevent the spread of infection.", "answer_four": "Infected patients should receive treatment, but other patients should be treated with caution.", "answer_five": "The patient should take more medication.", "question_image": ""}}, {"model": "interviewer.test", "pk": 16, "fields": {"title": "TCA Question - 1", "test_detail_name": "Technical Competency Assessment", "department_name": "Doctorate", "test_description": null, "question_description": "After falling from a tree and presenting to the emergency clinic due to pain and swelling in the foot, a patient is found to have widespread pain on the sole of the foot and collapse of the medial arch in the physical examination of the foot. The lateral ankle X-ray of the patient shows dislocation of the talus caput inferiorly.\r\n\r\nIn this patient, the most likely anatomical structure to be injured is:", "answer_one": "Plantar aponeurosis", "answer_two": "Plantar calcaneonavicular ligament", "answer_three": "Medial talocalcaneal ligament", "answer_four": "Calcaneocuboid ligament", "answer_five": "Long plantar ligament", "question_image": ""}}, {"model": "interviewer.test", "pk": 17, "fields": {"title": "TCA Question - 2", "test_detail_name": "Technical Competency Assessment", "department_name": "Doctorate", "test_description": null, "question_description": "In a 68-year-old woman who underwent brachial plexus block, winged scapula develops after the procedure. On physical examination, the scapula is elevated and slightly medially rotated at rest.\r\n\r\nIn this patient, the most likely nerve to be injured during the brachial plexus block is:", "answer_one": "Accessory nerve", "answer_two": "Dorsal scapular nerve", "answer_three": "Suprascapular nerve", "answer_four": "Long thoracic nerve", "answer_five": "Axillary nerve", "question_image": ""}}, {"model": "interviewer.test", "pk": 18, "fields": {"title": "TCA Question - 3", "test_detail_name": "Technical Competency Assessment", "department_name": "Doctorate", "test_description": null, "question_description": "To obtain a pulse from the posterior tibial artery, the most suitable region is:", "answer_one": "Between the lateral and medial malleoli on the front", "answer_two": "In front of the lateral malleolus", "answer_three": "Behind the lateral malleolus", "answer_four": "In front of the medial malleolus", "answer_five": "Behind the medial malleolus", "question_image": ""}}, {"model": "interviewer.test", "pk": 19, "fields": {"title": "TCA Question - 4", "test_detail_name": "Technical Competency Assessment", "department_name": "Doctorate", "test_description": null, "question_description": "A 35-year-old woman presents to the hospital with the complaint of inability to move her right eye downward, upward, and medially. It is determined that there is tentorial herniation in this patient.", "answer_one": "Optic nerve", "answer_two": "Oculomotor nerve", "answer_three": "Trochlear nerve", "answer_four": "Trigeminal nerve", "answer_five": "Abducens nerve", "question_image": ""}}, {"model": "interviewer.test", "pk": 20, "fields": {"title": "TCA Question - 5", "test_detail_name": "Technical Competency Assessment", "department_name": "Doctorate", "test_description": null, "question_description": "The pathway carrying conscious proprioceptive, two-point discrimination, and vibration senses for the body is:", "answer_one": "Anterior spinothalamic tract", "answer_two": "Fasciculus gracilis and cuneatus", "answer_three": "Spinotectal tract", "answer_four": "Posterior spinocerebellar tract", "answer_five": "Trigeminal nerve", "question_image": ""}}, {"model": "interviewer.test", "pk": 21, "fields": {"title": "TS Question - 1", "test_detail_name": "Technical Skills", "department_name": "Business Analyst", "test_description": null, "question_description": "Which software is commonly used for data visualization and business intelligence by Business Analysts?", "answer_one": "Microsoft Word", "answer_two": "Microsoft Excel", "answer_three": "Adobe Photoshop", "answer_four": "Tableau", "answer_five": "Notepad", "question_image": ""}}, {"model": "interviewer.test", "pk": 22, "fields": {"title": "TS Question - 2", "test_detail_name": "Technical Skills", "department_name": "Business Analyst", "test_description": null, "question_description": "Which programming language is often utilized for data analysis and manipulation by Business Analysts?", "answer_one": "Python", "answer_two": "HTML", "answer_three": "Java", "answer_four": "CSS", "answer_five": "Ruby", "question_image": ""}}, {"model": "interviewer.test", "pk": 23, "fields": {"title": "TS Question -3", "test_detail_name": "Technical Skills", "department_name": "Business Analyst", "test_description": null, "question_description": "What tool is commonly used for process modeling and workflow analysis by Business Analysts?", "answer_one": "Jira", "answer_two": "Lucidchart", "answer_three": "Trello", "answer_four": "Asana", "answer_five": "Microsoft Outlook", "question_image": ""}}, {"model": "interviewer.test", "pk": 24, "fields": {"title": "TS Question - 4", "test_detail_name": "Technical Skills", "department_name": "Business Analyst", "test_description": null, "question_description": "Which database query language is often essential for retrieving and manipulating data in databases?", "answer_one": "SQL (Structured Query Language)", "answer_two": "NoSQL", "answer_three": "XML (eXtensible Markup Language)", "answer_four": "JSON (JavaScript Object Notation)", "answer_five": "YAML (YAML Ain't Markup Language)", "question_image": ""}}, {"model": "interviewer.test", "pk": 25, "fields": {"title": "TS Question - 5", "test_detail_name": "Technical Skills", "department_name": "Business Analyst", "test_description": null, "question_description": "What tool is commonly used for project management and task tracking by Business Analysts?", "answer_one": "Microsoft PowerPoint", "answer_two": "Slack", "answer_three": "Microsoft Project", "answer_four": "Google Docs", "answer_five": "Zoom", "question_image": ""}}, {"model": "interviewer.test", "pk": 26, "fields": {"title": "CS Question - 1", "test_detail_name": "Communication Skills Test", "department_name": "Business Analyst", "test_description": null, "question_description": "Which communication skill is crucial for a business analyst when presenting technical information to non-technical stakeholders?", "answer_one": "Jargon-heavy language", "answer_two": "Detailed technical diagrams", "answer_three": "Clarity and simplicity", "answer_four": "Detailed coding examples", "answer_five": "Lengthy technical specifications", "question_image": ""}}, {"model": "interviewer.test", "pk": 27, "fields": {"title": "CS Question - 2", "test_detail_name": "Communication Skills Test", "department_name": "Business Analyst", "test_description": null, "question_description": "What is the primary objective when writing a business requirement document (BRD)?", "answer_one": "Displaying technical expertise", "answer_two": "Demonstrating complex problem-solving", "answer_three": "Communicating clearly and concisely", "answer_four": "Emphasizing industry jargon", "answer_five": "Highlighting personal achievements", "question_image": ""}}, {"model": "interviewer.test", "pk": 28, "fields": {"title": "CS Question - 3", "test_detail_name": "Communication Skills Test", "department_name": "Business Analyst", "test_description": null, "question_description": "Which communication skill is most helpful for fostering a collaborative environment during stakeholder meetings?", "answer_one": "Assertiveness", "answer_two": "Authoritative tone", "answer_three": "Active listening", "answer_four": "Dominance in discussions", "answer_five": "Monopolizing conversation time", "question_image": ""}}, {"model": "interviewer.test", "pk": 29, "fields": {"title": "CS Question - 4", "test_detail_name": "Communication Skills Test", "department_name": "Business Analyst", "test_description": null, "question_description": "What communication approach is best for delivering feedback on a project to a team?", "answer_one": "Blunt and direct language", "answer_two": "Avoiding specifics to prevent conflict", "answer_three": "Focusing solely on positive aspects", "answer_four": "Constructive and specific feedback", "answer_five": "Criticizing without providing solutions", "question_image": ""}}, {"model": "interviewer.test", "pk": 30, "fields": {"title": "CS Question - 5", "test_detail_name": "Communication Skills Test", "department_name": "Business Analyst", "test_description": null, "question_description": "What is the primary purpose of using visual aids in a presentation to stakeholders?", "answer_one": "Showcasing technical expertise", "answer_two": "Providing detailed documentation", "answer_three": "Enhancing understanding and engagement", "answer_four": "Overwhelming with complex visuals", "answer_five": "Minimizing interaction with stakeholders", "question_image": ""}}, {"model": "interviewer.test", "pk": 31, "fields": {"title": "AS Question - 1", "test_detail_name": "Business Analyst Analytical Skills Test", "department_name": "Business Analyst", "test_description": null, "question_description": "When analyzing a dataset, which statistical measure provides the most accurate representation of the center of the data?", "answer_one": "Mean", "answer_two": "Mode", "answer_three": "Median", "answer_four": "Range", "answer_five": "Standart Deviation", "question_image": ""}}, {"model": "interviewer.test", "pk": 32, "fields": {"title": "AS Question - 2", "test_detail_name": "Business Analyst Analytical Skills Test", "department_name": "Business Analyst", "test_description": null, "question_description": "What technique is used to identify relationships between variables in a dataset?", "answer_one": "Correlation analysis", "answer_two": "Regression analysis", "answer_three": "Factor analysis", "answer_four": "Cluster analysis", "answer_five": "Descriptive analysis", "question_image": ""}}, {"model": "interviewer.test", "pk": 33, "fields": {"title": "AS Question - 3", "test_detail_name": "Business Analyst Analytical Skills Test", "department_name": "Business Analyst", "test_description": null, "question_description": "In a SWOT analysis, what does the \"T\" represent?", "answer_one": "Time", "answer_two": "Threats", "answer_three": "Techniques", "answer_four": "Teamwork", "answer_five": "Targets", "question_image": ""}}, {"model": "interviewer.test", "pk": 34, "fields": {"title": "AS Question - 4", "test_detail_name": "Business Analyst Analytical Skills Test", "department_name": "Business Analyst", "test_description": null, "question_description": "Which method is used to prioritize tasks or issues based on their level of urgency and impact?", "answer_one": "Pareto analysis", "answer_two": "Root cause analysis", "answer_three": "Fishbone diagram", "answer_four": "Eisenhower matrix", "answer_five": "Six Sigma", "question_image": ""}}, {"model": "interviewer.test", "pk": 35, "fields": {"title": "AS Question - 5", "test_detail_name": "Business Analyst Analytical Skills Test", "department_name": "Business Analyst", "test_description": null, "question_description": "When conducting gap analysis, what is the primary objective?", "answer_one": "Identify strengths and weaknesses", "answer_two": "Analyze market trends", "answer_three": "Determine areas for improvement", "answer_four": "Assess project risks", "answer_five": "Create a budget plan", "question_image": ""}}, {"model": "interviewer.test", "pk": 36, "fields": {"title": "Adaptability Question - 1", "test_detail_name": "Adaptability", "department_name": "Business Analyst", "test_description": null, "question_description": "How does a Business Analyst demonstrate adaptability in the face of changing project requirements?", "answer_one": "How does a Business Analyst demonstrate adaptability in the face of changing project requirements?", "answer_two": "Rigidly adhering to past methodologies", "answer_three": "Adjusting strategies to accommodate new needs", "answer_four": "Ignoring stakeholder feedback", "answer_five": "Avoiding changes in project scope", "question_image": ""}}, {"model": "interviewer.test", "pk": 37, "fields": {"title": "Adaptability Question - 2", "test_detail_name": "Adaptability", "department_name": "Business Analyst", "test_description": null, "question_description": "What role does flexibility play in a Business Analyst's response to unexpected shifts in project priorities?", "answer_one": "Fostering resistance to change", "answer_two": "Limiting adjustments to project plans", "answer_three": "Embracing and adapting to changing priorities", "answer_four": "Avoiding collaboration with stakeholders", "answer_five": "Ignoring shifting stakeholder demands", "question_image": ""}}, {"model": "interviewer.test", "pk": 38, "fields": {"title": "Adaptability Question - 3", "test_detail_name": "Adaptability", "department_name": "Business Analyst", "test_description": null, "question_description": "How does a Business Analyst showcase adaptability in the context of evolving technologies?", "answer_one": "Resisting learning new tools or technologies", "answer_two": "Limiting exploration of updated methodologies", "answer_three": "Embracing and acquiring new skills or knowledge", "answer_four": "Avoiding interaction with technology teams", "answer_five": "Ignoring technological advancements", "question_image": ""}}, {"model": "interviewer.test", "pk": 39, "fields": {"title": "Adaptability Question - 4", "test_detail_name": "Adaptability", "department_name": "Business Analyst", "test_description": null, "question_description": "What is the primary purpose of remaining open-minded in the face of diverse stakeholder perspectives as a Business Analyst?", "answer_one": "Limiting discussions with stakeholders", "answer_two": "Rejecting diverse viewpoints", "answer_three": "Embracing and considering various opinions", "answer_four": "Avoiding collaboration with stakeholders", "answer_five": "Ignoring stakeholder contributions", "question_image": ""}}, {"model": "interviewer.test", "pk": 40, "fields": {"title": "Adaptability Question - 5", "test_detail_name": "Adaptability", "department_name": "Business Analyst", "test_description": null, "question_description": "How does a Business Analyst demonstrate adaptability in response to sudden changes in project timelines or deadlines?", "answer_one": "Insisting on fixed project schedules", "answer_two": "Avoiding adjustment of project timelines", "answer_three": "Flexibly adjusting project timelines as needed", "answer_four": "Ignoring project deadlines", "answer_five": "Limiting stakeholder communication on timeline shifts", "question_image": ""}}, {"model": "interviewer.test", "pk": 41, "fields": {"title": "Verbal Aptitude Question -1", "test_detail_name": "Verbal Aptitude", "department_name": "Turkish Language Teaching", "test_description": null, "question_description": "Which of the following countries, listed in the table, is located on a different continent than the others?", "answer_one": "Turkey", "answer_two": "Brazil", "answer_three": "India", "answer_four": "Canada", "answer_five": "China", "question_image": ""}}, {"model": "interviewer.test", "pk": 42, "fields": {"title": "Verbal Aptitude Question -2", "test_detail_name": "Verbal Aptitude", "department_name": "Turkish Language Teaching", "test_description": null, "question_description": "Identify the semantic error in the given sentence: \"The artist's works are both emotionally charged and meaningful.\"", "answer_one": "Artist's", "answer_two": "Works", "answer_three": "Emotionally charged", "answer_four": "Meaningful", "answer_five": "Works", "question_image": ""}}, {"model": "interviewer.test", "pk": 43, "fields": {"title": "Verbal Aptitude Question -3", "test_detail_name": "Verbal Aptitude", "department_name": "Turkish Language Teaching", "test_description": null, "question_description": "Which of the following synonymous pairs is incorrect?", "answer_one": "Fast - Speedy", "answer_two": "Comprehensive - Detailed", "answer_three": "Rich - Wealthy", "answer_four": "Quick – Slow", "answer_five": "Few - A lot", "question_image": ""}}, {"model": "interviewer.test", "pk": 44, "fields": {"title": "Verbal Aptitude Question -4", "test_detail_name": "Verbal Aptitude", "department_name": "Turkish Language Teaching", "test_description": null, "question_description": "Which of the following sentences is semantically inconsistent?", "answer_one": "We should make decisions based on information.", "answer_two": "Silence can contribute to deep thinking.", "answer_three": "Fast talkers generally think quickly.", "answer_four": "Having a picnic in rainy weather is enjoyable.", "answer_five": "Gain and loss go hand in hand.", "question_image": ""}}, {"model": "interviewer.test", "pk": 45, "fields": {"title": "Verbal Aptitude Question -5", "test_detail_name": "Verbal Aptitude", "department_name": "Turkish Language Teaching", "test_description": null, "question_description": "Which of the following sentences contains an inference?", "answer_one": "All students love the math lesson.", "answer_two": "Ahmed loves the math lesson.", "answer_three": "Ahmed is a student.", "answer_four": "Therefore, all students love the math lesson.", "answer_five": "Every cloud has a silver lining.", "question_image": ""}}, {"model": "interviewer.test", "pk": 46, "fields": {"title": "Question - 1", "test_detail_name": "Personality Inventory Test", "department_name": "Turkish Language Teaching", "test_description": null, "question_description": "When teaching a new concept, what teaching method do you prefer?", "answer_one": "Explain with examples", "answer_two": "Provide verbal explanations", "answer_three": "Encourage group activities", "answer_four": "Offer practical activities to students", "answer_five": "Try to continue with the flow of the lesson.", "question_image": ""}}, {"model": "interviewer.test", "pk": 47, "fields": {"title": "Question - 2", "test_detail_name": "Personality Inventory Test", "department_name": "Turkish Language Teaching", "test_description": null, "question_description": "If a student is distracting your attention in class, what approach would you take?", "answer_one": "Talk to the student one-on-one and try to understand the issues.", "answer_two": "Try to continue with the flow of the lesson.", "answer_three": "Remind the class of discipline rules.", "answer_four": "Assign additional tasks to the student.", "answer_five": "Provide positive verbal feedback.", "question_image": ""}}, {"model": "interviewer.test", "pk": 48, "fields": {"title": "Question - 3", "test_detail_name": "Personality Inventory Test", "department_name": "Turkish Language Teaching", "test_description": null, "question_description": "What is your method of providing feedback to students?", "answer_one": "Through assessments and grades", "answer_two": "Through verbal feedback", "answer_three": "Through group discussions and interactions", "answer_four": "Through project evaluations and performance tasks", "answer_five": "Emphasize interactive technology use in the class.", "question_image": ""}}, {"model": "interviewer.test", "pk": 49, "fields": {"title": "Question - 4", "test_detail_name": "Personality Inventory Test", "department_name": "Turkish Language Teaching", "test_description": null, "question_description": "How do you create a student-centered learning environment in the classroom?", "answer_one": "Support group work.", "answer_two": "Give more responsibilities to students.", "answer_three": "Consider different learning styles.", "answer_four": "Emphasize interactive technology use in the class.", "answer_five": "Recommend additional learning resources.", "question_image": ""}}, {"model": "interviewer.test", "pk": 50, "fields": {"title": "Question - 5", "test_detail_name": "Personality Inventory Test", "department_name": "Turkish Language Teaching", "test_description": null, "question_description": "When a student fails, what kind of support do you provide?", "answer_one": "Offer one-on-one extra lessons.", "answer_two": "Talk to the student to boost motivation.", "answer_three": "Incorporate more group work.", "answer_four": "Recommend additional learning resources.", "answer_five": "Emphasize interactive technology use in the class.", "question_image": ""}}, {"model": "interviewer.test", "pk": 51, "fields": {"title": "Question - 1", "test_detail_name": "General Ability", "department_name": "Turkish Language Teaching", "test_description": null, "question_description": "Which of the following is intended to be conveyed about experienced writers with the underlined statement in this passage?", "answer_one": "Hesitation to defend their own opinions when facing disagreements", "answer_two": "Avoidance of expressing their thoughts in a unique way", "answer_three": "Reluctance to prove the correctness of specific views", "answer_four": "Feeling of inadequacy in criticizing others' thoughts", "answer_five": "Unwillingness to provide support for their adopted views", "question_image": ""}}, {"model": "interviewer.test", "pk": 52, "fields": {"title": "Question - 2", "test_detail_name": "General Ability", "department_name": "Turkish Language Teaching", "test_description": null, "question_description": "Turkish language, it could refer to a test assessing a person's overall aptitude or proficiency in the Turkish language. Such a test might cover various aspects, including vocabulary, grammar, reading comprehension, and verbal reasoning.", "answer_one": "placing - functional details", "answer_two": "providing - intuitive perspectives", "answer_three": "scattering - integrative concepts", "answer_four": "hiding - independent elements", "answer_five": "positioning - clue-containing information", "question_image": ""}}, {"model": "interviewer.test", "pk": 53, "fields": {"title": "Question - 3", "test_detail_name": "General Ability", "department_name": "Turkish Language Teaching", "test_description": null, "question_description": "I don't know who discovered water, but I'm sure it wasn't a fish.\r\nWhich of the following is in line with the meaning of this sentence?", "answer_one": "Scientists conduct research based on their society without knowing the source of problems.", "answer_two": "For an artist to write a universally appealing piece, they must internalize the subject first.", "answer_three": "Children born into technology without knowing how it's produced consider it indispensable.", "answer_four": "Individuals focus on the emotions of others rather than their inner worlds in daily life.", "answer_five": "Societies prefer to adapt rather than resist changes they cannot control.", "question_image": ""}}, {"model": "interviewer.test", "pk": 54, "fields": {"title": "Question - 4", "test_detail_name": "General Ability", "department_name": "Turkish Language Teaching", "test_description": null, "question_description": "(I) The term \"miniature\" is generally used for small-sized, finely crafted paintings and the art form in which such paintings are produced. (II) It is thought that the word miniature derived from the Latin word \"miniare,\" meaning \"to color with red,\" and later passed into French as \"miniature.\" (III) However, in Ottoman sources, the words \"tasvir\" or \"nakış\" are preferred instead of this word. (IV) One of the most important features of miniature art, known by different names, is the complete representation of the intended subject. (V) This is also why features such as distance, size, and perspective-related characteristics are not used in miniatures.\r\n\r\nWhich of the numbered sentences in this paragraph is incorrect?", "answer_one": "Sentence I discusses the scope of the concept of miniature.", "answer_two": "Sentence II explains the origin of the word miniature.", "answer_three": "Sentence III mentions the words used instead of miniature in Ottoman sources.", "answer_four": "Sentence IV provides information about the subjects depicted in miniature art.", "answer_five": "Sentence V talks about the visual features not reflected in miniatures.", "question_image": ""}}, {"model": "interviewer.test", "pk": 55, "fields": {"title": "Question - 5", "test_detail_name": "General Ability", "department_name": "Turkish Language Teaching", "test_description": null, "question_description": "In which of the following sentences is there a spelling mistake in the use of capital letters?", "answer_one": "Mahmut Hoca is one of the unforgettable characters of the Hababam Class novel.", "answer_two": "The Fatih Sultan Mehmet Bridge stands on the Bosphorus like a necklace.", "answer_three": "There is a difference in worldview between Eastern and Western civilizations.", "answer_four": ") Ramadan Bayram is a mystical theme in our poetry.", "answer_five": "The Turtle Trainer painting holds an important place in Turkish art.", "question_image": ""}}, {"model": "interviewer.test", "pk": 56, "fields": {"title": "Question - 1", "test_detail_name": "Social Skills", "department_name": "Data Analyst", "test_description": null, "question_description": "Which communication skill is crucial for conducting effective interviews with stakeholders?", "answer_one": "Which communication skill is crucial for conducting effective interviews with stakeholders?", "answer_two": "Preparing a rigid set of questions", "answer_three": "Active listening and probing for details", "answer_four": "Rushing through the interview for efficiency", "answer_five": "Avoiding note-taking during the interview", "question_image": ""}}, {"model": "interviewer.test", "pk": 57, "fields": {"title": "Question - 2", "test_detail_name": "Social Skills", "department_name": "Data Analyst", "test_description": null, "question_description": "What is the primary objective when communicating project updates to senior management?", "answer_one": "Minimize details to save time", "answer_two": "Showcasing technical expertise", "answer_three": "Provide concise, relevant information", "answer_four": "Presenting data without context", "answer_five": "Overwhelming with technical terms", "question_image": ""}}, {"model": "interviewer.test", "pk": 58, "fields": {"title": "Question - 3", "test_detail_name": "Social Skills", "department_name": "Data Analyst", "test_description": null, "question_description": "Which communication skill is essential for resolving conflicts among team members as a business analyst?", "answer_one": "Avoiding discussions about conflicts", "answer_two": "Encouraging blame on individuals", "answer_three": "Mediating and facilitating discussions", "answer_four": "Elevating personal opinions", "answer_five": "Ignoring the conflict", "question_image": ""}}, {"model": "interviewer.test", "pk": 59, "fields": {"title": "Question - 4", "test_detail_name": "Social Skills", "department_name": "Data Analyst", "test_description": null, "question_description": "What is the primary goal of establishing clear communication channels among project stakeholders?", "answer_one": "Minimizing stakeholder involvement", "answer_two": "Encouraging siloed communication", "answer_three": "Facilitating effective information flow", "answer_four": "Restricting feedback from stakeholders", "answer_five": "Impeding transparency in discussions", "question_image": ""}}, {"model": "interviewer.test", "pk": 60, "fields": {"title": "Question - 5", "test_detail_name": "Social Skills", "department_name": "Data Analyst", "test_description": null, "question_description": "In a presentation to stakeholders, what is the primary purpose of summarizing complex data?", "answer_one": "Showcasing expertise in data analysis", "answer_two": "Highlighting technical complexities", "answer_three": "Overwhelming with details", "answer_four": "Avoiding data interpretation", "answer_five": "Enhancing stakeholder understanding", "question_image": ""}}, {"model": "interviewer.test", "pk": 61, "fields": {"title": "Question - 1", "test_detail_name": "Problem Solving Skills", "department_name": "Data Analyst", "test_description": null, "question_description": "What role does collaboration with cross-functional teams play in effective problem-solving?", "answer_one": "Isolating team efforts for efficiency", "answer_two": "Restricting input from diverse perspectives", "answer_three": "Limiting discussions to individual teams", "answer_four": "Leveraging diverse expertise for innovative solutions", "answer_five": "Focusing on individual problem-solving", "question_image": ""}}, {"model": "interviewer.test", "pk": 62, "fields": {"title": "Question - 2", "test_detail_name": "Problem Solving Skills", "department_name": "Data Analyst", "test_description": null, "question_description": "How does the use of decision-making frameworks assist in problem-solving?", "answer_one": "Overcomplicating the decision-making process", "answer_two": "Providing structure for sound decisions", "answer_three": "Avoiding structured approaches for decision-making", "answer_four": "Stifling creativity and innovation", "answer_five": "Ignoring decision-making processes", "question_image": ""}}, {"model": "interviewer.test", "pk": 63, "fields": {"title": "Question - 3", "test_detail_name": "Problem Solving Skills", "department_name": "Data Analyst", "test_description": null, "question_description": "What approach is beneficial for addressing recurring issues in a project environment?", "answer_one": "Ignoring past occurrences of the issue", "answer_two": "Treating each occurrence as a separate problem", "answer_three": "Conducting a superficial analysis", "answer_four": "Implementing corrective actions to prevent recurrence", "answer_five": "Blaming external factors for the recurrence", "question_image": ""}}, {"model": "interviewer.test", "pk": 64, "fields": {"title": "Question - 4", "test_detail_name": "Problem Solving Skills", "department_name": "Data Analyst", "test_description": null, "question_description": "What method is useful for evaluating the effectiveness of implemented solutions?", "answer_one": "Avoiding feedback from stakeholders", "answer_two": "Conducting post-implementation reviews", "answer_three": "Disregarding data and user feedback", "answer_four": "Implementing solutions without analysis", "answer_five": "Refusing to acknowledge any issues post-implementation", "question_image": ""}}, {"model": "interviewer.test", "pk": 65, "fields": {"title": "Question - 5", "test_detail_name": "Problem Solving Skills", "department_name": "Data Analyst", "test_description": null, "question_description": "What role does creativity play in problem-solving for a Business Analyst?", "answer_one": "Limiting solutions to traditional approaches", "answer_two": "Ignoring innovative solutions", "answer_three": "Encouraging out-of-the-box thinking", "answer_four": "Rejecting diverse ideas", "answer_five": "Emphasizing rigid problem-solving methods", "question_image": ""}}, {"model": "interviewer.test", "pk": 66, "fields": {"title": "Question - 1", "test_detail_name": "Security Knowledge Test", "department_name": "Banking", "test_description": null, "question_description": "If a bank employee receives an email from an unknown source requesting sensitive customer information, what should be the appropriate action to ensure security?", "answer_one": "Ignore the email.", "answer_two": "Respond and provide the information.", "answer_three": "Forward the email to colleagues for advice.", "answer_four": "Report the email to the IT security team.", "answer_five": "Share customer data with other departments freely.", "question_image": ""}}, {"model": "interviewer.test", "pk": 67, "fields": {"title": "Question - 2", "test_detail_name": "Security Knowledge Test", "department_name": "Banking", "test_description": null, "question_description": "In the event of a suspected security breach, what is the first step a bank employee should take?", "answer_one": "Inform the customers immediately.", "answer_two": "Investigate the issue independently.", "answer_three": "Report the incident to the designated security officer or team.", "answer_four": "Keep the information confidential.", "answer_five": "Report the email to the IT security team.", "question_image": ""}}, {"model": "interviewer.test", "pk": 68, "fields": {"title": "Question - 3", "test_detail_name": "Security Knowledge Test", "department_name": "Banking", "test_description": null, "question_description": "How can bank employees contribute to creating a secure work environment in terms of physical security?", "answer_one": "Share access cards with trusted colleagues.", "answer_two": "Allow unauthorized personnel into restricted areas.", "answer_three": "Lock their workstations when leaving their desks.", "answer_four": "Disclose security protocols to external parties.", "answer_five": "Keep customer information on unsecured devices.", "question_image": ""}}, {"model": "interviewer.test", "pk": 69, "fields": {"title": "Question - 4", "test_detail_name": "Security Knowledge Test", "department_name": "Banking", "test_description": null, "question_description": "When handling customer data, what measures should bank employees take to ensure data privacy and security?", "answer_one": "Share customer data with other departments freely.", "answer_two": "Keep customer information on unsecured devices.", "answer_three": "Keep customer information on unsecured devices.", "answer_four": "Post customer details on public forums for quick reference.", "answer_five": "Lock their workstations when leaving their desks.", "question_image": ""}}, {"model": "interviewer.test", "pk": 70, "fields": {"title": "Question - 5", "test_detail_name": "Security Knowledge Test", "department_name": "Banking", "test_description": null, "question_description": "If a bank employee suspects a colleague of engaging in fraudulent activities, what is the appropriate course of action to maintain security and integrity?", "answer_one": "Confront the colleague directly.", "answer_two": "Keep the suspicion to oneself.", "answer_three": "Report the concern to the appropriate authorities within the bank.", "answer_four": "Encourage the colleague to continue the activities.", "answer_five": "Follow the bank's data protection policies.", "question_image": ""}}, {"model": "interviewer.test", "pk": 71, "fields": {"title": "Question - 1", "test_detail_name": "Numerical Skill Test", "department_name": "Banking", "test_description": null, "question_description": "If a bank customer deposits $5,000 in a savings account with an annual interest rate of 3%, how much interest will the customer earn after one year?", "answer_one": "$500", "answer_two": "$150", "answer_three": "$300", "answer_four": "$15,000", "answer_five": "$600", "question_image": ""}}, {"model": "interviewer.test", "pk": 72, "fields": {"title": "Question - 2", "test_detail_name": "Numerical Skill Test", "department_name": "Banking", "test_description": null, "question_description": "A bank offers a personal loan with an interest rate of 8% per annum. If a customer borrows $10,000, how much interest will the customer pay in one year?", "answer_one": "$8,000", "answer_two": "$800", "answer_three": "$1,000", "answer_four": "$80", "answer_five": "$670", "question_image": ""}}, {"model": "interviewer.test", "pk": 73, "fields": {"title": "Question - 3", "test_detail_name": "Numerical Skill Test", "department_name": "Banking", "test_description": null, "question_description": "If a customer has a credit card with an outstanding balance of $1,200 and the monthly interest rate is 1.5%, how much interest will be charged to the customer in one month?", "answer_one": "$18", "answer_two": "$12", "answer_three": "$15", "answer_four": "$1800", "answer_five": "$6", "question_image": ""}}, {"model": "interviewer.test", "pk": 74, "fields": {"title": "Question - 4", "test_detail_name": "Numerical Skill Test", "department_name": "Banking", "test_description": null, "question_description": "A bank customer withdraws $300 from an ATM, incurring a $3 fee. What percentage represents the fee charged by the ATM?", "answer_one": "0.3%", "answer_two": "1%", "answer_three": "3%", "answer_four": "10%", "answer_five": "0.1%", "question_image": ""}}, {"model": "interviewer.test", "pk": 75, "fields": {"title": "Question - 5", "test_detail_name": "Numerical Skill Test", "department_name": "Banking", "test_description": null, "question_description": "A bank's total assets are $2,000,000, and its total liabilities are $1,500,000. What is the bank's equity?", "answer_one": "$500,000", "answer_two": "$2,500,000", "answer_three": "$1,000,000", "answer_four": "$3,500,000", "answer_five": "$4,500,000", "question_image": ""}}, {"model": "interviewer.test", "pk": 76, "fields": {"title": "Question - 1", "test_detail_name": "Social Skills", "department_name": "Full Stack Developer", "test_description": null, "question_description": "When working on a social project, how do you communicate effectively with your team members?", "answer_one": "I regularly organize meetings for exchanging ideas.", "answer_two": "I use various communication tools to increase interaction in group chats.", "answer_three": "I handle criticisms positively and communicate openly.", "answer_four": "I demonstrate the step-by-step solution of the subject to the student.", "answer_five": "I recommend advanced resources for the student to learn the subject more thoroughly.", "question_image": ""}}, {"model": "interviewer.test", "pk": 77, "fields": {"title": "Question - 2", "test_detail_name": "Social Skills", "department_name": "Full Stack Developer", "test_description": null, "question_description": "How would you contribute as a volunteer to an open-source project?", "answer_one": "By writing code and fixing bugs.", "answer_two": "By helping other developers in community forums.", "answer_three": "By updating documentation.", "answer_four": "By evaluating user feedback.", "answer_five": "By participating in project management.", "question_image": ""}}, {"model": "interviewer.test", "pk": 78, "fields": {"title": "Question - 3", "test_detail_name": "Social Skills", "department_name": "Full Stack Developer", "test_description": null, "question_description": "If a student in the mathematics class mentions that they have difficulty understanding a topic and, therefore, cannot take notes frequently. What approach would you take to solve this?", "answer_one": "I use visuals that show the subject from a different perspective for the student.", "answer_two": "I suggest different learning materials for the student to better understand the subject.", "answer_three": "I organize additional individual lessons for the student to better grasp the subject.", "answer_four": "I emphasize the importance of note-taking to the student while learning the subject and teach effective note-taking strategies.", "answer_five": "I help the student understand the topic by solving it step by step together.", "question_image": ""}}, {"model": "interviewer.test", "pk": 79, "fields": {"title": "Question - 4", "test_detail_name": "Social Skills", "department_name": "Full Stack Developer", "test_description": null, "question_description": "How do you organize activities to encourage mutual help among students when solving mathematical problems in the class?", "answer_one": "By giving tasks to the students to solve problems that require collaboration within the group.", "answer_two": "By providing opportunities for students to evaluate each other's solutions.", "answer_three": "By organizing mathematics competitions in the class.", "answer_four": "By creating opportunities for students to teach each other in mathematical subjects.", "answer_five": "By organizing group activities in the class for students to solve mathematical problems together.", "question_image": ""}}, {"model": "interviewer.test", "pk": 80, "fields": {"title": "Question - 5", "test_detail_name": "Social Skills", "department_name": "Full Stack Developer", "test_description": null, "question_description": "If a student in the class often loses focus during the mathematics class. What strategies do you use to solve this?", "answer_one": "I organize more interactive activities in the lesson.", "answer_two": "I use visual materials when teaching students.", "answer_three": "I emphasize the importance of note-taking to the student.", "answer_four": "I change the seating arrangement in the class.", "answer_five": "I provide more opportunities for the student to practice while learning the topics.", "question_image": ""}}, {"model": "interviewer.test", "pk": 81, "fields": {"title": "Question - 1", "test_detail_name": "Coding Skills", "department_name": "Full Stack Developer", "test_description": null, "question_description": "javascript\r\n\r\nfunction addNumbers(a, b) {\r\n    // Add two numbers and return the result\r\n}\r\nHow is this JavaScript function correctly used to add two numbers?", "answer_one": "addNumbers(5, 7);", "answer_two": "calculateSum(5, 7);", "answer_three": "sum(5 + 7);", "answer_four": "add(5, 7);", "answer_five": "getSum(5, 7);", "question_image": ""}}, {"model": "interviewer.test", "pk": 82, "fields": {"title": "Question - 2", "test_detail_name": "Coding Skills", "department_name": "Full Stack Developer", "test_description": null, "question_description": "python\r\n\r\ndef reverse_string(s):\r\n    # Reverse the given string and return it\r\nHow is this Python function correctly used to reverse a string?", "answer_one": "reverseString(\"hello\");", "answer_two": "flip(s);", "answer_three": "reversed = reverse_string(\"hello\");", "answer_four": ") s = reverse_string(s);", "answer_five": "backwards = reverse_string(\"hello\");", "question_image": ""}}, {"model": "interviewer.test", "pk": 83, "fields": {"title": "Question - 3", "test_detail_name": "Coding Skills", "department_name": "Full Stack Developer", "test_description": null, "question_description": "java\r\n\r\npublic class Calculator {\r\n    public int multiply(int x, int y) {\r\n        // Multiply two numbers and return the result\r\n    }\r\n}\r\nHow is the multiply method inside this Java class correctly called?", "answer_one": "multiply(4, 6);", "answer_two": "Calculator.multiply(4, 6);", "answer_three": "int result = multiply(4, 6);", "answer_four": "Calculator c = new Calculator(); c.multiply(4, 6);", "answer_five": "result = Calculator.multiply(4, 6);", "question_image": ""}}, {"model": "interviewer.test", "pk": 84, "fields": {"title": "Question - 4", "test_detail_name": "Coding Skills", "department_name": "Full Stack Developer", "test_description": null, "question_description": "<!DOCTYPE html>\r\n<html>\r\n<body>\r\n\r\n<h1 id=\"demo\">Hello, World!</h1>\r\n<button onclick=\"changeText()\">Click me</button>\r\n\r\n<script>\r\n    function changeText() {\r\n        // Change the text of the heading element with the ID 'demo' to \"Hello, World!\"\r\n    }\r\n</script>\r\n\r\n</body>\r\n</html>\r\nHow does this HTML and JavaScript code work when the button is clicked?", "answer_one": "changeText();", "answer_two": "document.getElementById(\"demo\").innerHTML = \"Hello, World!\";", "answer_three": "changeText;", "answer_four": "button.onclick = changeText;", "answer_five": "change(\"Hello, World!\");", "question_image": ""}}, {"model": "interviewer.test", "pk": 85, "fields": {"title": "Question - 5", "test_detail_name": "Coding Skills", "department_name": "Full Stack Developer", "test_description": null, "question_description": ".highlight {\r\n    // Turn the color to yellow\r\n}\r\nHow does this CSS code apply a yellow color to an element in HTML?", "answer_one": "<div class=\"highlighted\">...</div>", "answer_two": "<span class=\"highlight\">...</span>", "answer_three": "<p class=\"highhlight\">...</p>", "answer_four": "<div class=\"higdhlight\">...</div>", "answer_five": "<span id=\"highlight\">...</span>", "question_image": ""}}, {"model": "interviewer.test", "pk": 86, "fields": {"title": "Question - 1", "test_detail_name": "AI Preliminary Test", "department_name": "Artificial Intellegence", "test_description": null, "question_description": "One of the students in the class comes to you for the solution to a problem and states that they are having difficulty understanding the subject. What do you do first to solve this?", "answer_one": "I explain the subject from a different perspective to the student.", "answer_two": "I provide the student with additional examples related to similar problems.", "answer_three": "I suggest additional resources for the student to review the subject at home.", "answer_four": "I demonstrate the step-by-step solution of the subject to the student.", "answer_five": "I recommend advanced resources for the student to learn the subject more thoroughly.", "question_image": ""}}, {"model": "interviewer.test", "pk": 87, "fields": {"title": "Question - 2", "test_detail_name": "AI Preliminary Test", "department_name": "Artificial Intellegence", "test_description": null, "question_description": "A group of students in your class wants to understand how the topics in the mathematics class are useful in practice. How do you approach this?", "answer_one": "I organize practical projects that include real-life examples for the students.", "answer_two": "I give a presentation to the students about how the topics can be used in daily life.", "answer_three": "I provide examples to the students to solve problems encountered in daily life related to the topics.", "answer_four": "I explain mathematical topics to the students by associating them with real-life scenarios.", "answer_five": "I organize projects in the class that focus on the practical applications of mathematical topics.", "question_image": ""}}, {"model": "interviewer.test", "pk": 88, "fields": {"title": "Question - 3", "test_detail_name": "AI Preliminary Test", "department_name": "Artificial Intellegence", "test_description": null, "question_description": "I organize projects in the class that focus on the practical applications of mathematical topics.", "answer_one": "I use visuals that show the subject from a different perspective for the student.", "answer_two": "I suggest different learning materials for the student to better understand the subject.", "answer_three": "I organize additional individual lessons for the student to better grasp the subject.", "answer_four": "I emphasize the importance of note-taking to the student while learning the subject and teach effective note-taking strategies.", "answer_five": "I help the student understand the topic by solving it step by step together.", "question_image": ""}}, {"model": "interviewer.test", "pk": 89, "fields": {"title": "Question - 4", "test_detail_name": "AI Preliminary Test", "department_name": "Artificial Intellegence", "test_description": null, "question_description": "A group of students in the class wants to encourage helping each other when solving mathematical problems. What kind of activities do you organize to support this?", "answer_one": "I give tasks to the students to solve problems that require collaboration within the group.", "answer_two": "I provide opportunities for students to evaluate each other's solutions.", "answer_three": "I organize mathematics competitions in the class.", "answer_four": "I create opportunities for students to teach each other in mathematical subjects.", "answer_five": "I organize group activities in the class for students to solve mathematical problems together.", "question_image": ""}}, {"model": "interviewer.test", "pk": 90, "fields": {"title": "Question - 5", "test_detail_name": "AI Preliminary Test", "department_name": "Artificial Intellegence", "test_description": null, "question_description": "A student in the class often loses focus during the mathematics class. What strategies do you use to solve this?", "answer_one": "I organize more interactive activities in the lesson", "answer_two": "I use visual materials when teaching students.", "answer_three": "I emphasize the importance of note-taking to the student.", "answer_four": "I change the seating arrangement in the class.", "answer_five": "I provide more opportunities for the student to practice while learning the topics.", "question_image": ""}}, {"model": "interviewer.test", "pk": 91, "fields": {"title": "Question - 1", "test_detail_name": "AI - Personality Test", "department_name": "Artificial Intellegence", "test_description": null, "question_description": "How do you typically approach problem-solving tasks?", "answer_one": "How do you typically approach problem-solving tasks?", "answer_two": "Trusting your instincts and making quick decisions.", "answer_three": "Collaborating with others to find the best solution.", "answer_four": "Experimenting with different approaches until success.", "answer_five": "The team player who values cooperation and harmony.", "question_image": ""}}, {"model": "interviewer.test", "pk": 92, "fields": {"title": "Question - 2", "test_detail_name": "AI - Personality Test", "department_name": "Artificial Intellegence", "test_description": null, "question_description": "In a team project, how would you describe your role?", "answer_one": "The meticulous planner who ensures every detail is considered.", "answer_two": "The innovative thinker who generates creative ideas.", "answer_three": "The team player who values cooperation and harmony.", "answer_four": "The adaptable contributor who can handle various tasks.", "answer_five": "Tackling them head-on with a systematic approach.", "question_image": ""}}, {"model": "interviewer.test", "pk": 93, "fields": {"title": "Question - 3", "test_detail_name": "AI - Personality Test", "department_name": "Artificial Intellegence", "test_description": null, "question_description": "When faced with challenges, what is your usual reaction?", "answer_one": "Tackling them head-on with a systematic approach.", "answer_two": "Viewing them as opportunities for creative problem-solving.", "answer_three": "Seeking support and cooperation from others.", "answer_four": "Adapting and finding alternative solutions.", "answer_five": "Comfortable, and you enjoy finding your way in uncertain situations.", "question_image": ""}}, {"model": "interviewer.test", "pk": 94, "fields": {"title": "Question - 4", "test_detail_name": "AI - Personality Test", "department_name": "Artificial Intellegence", "test_description": null, "question_description": "How do you handle uncertainty and ambiguity?", "answer_one": "Uncomfortable but willing to carefully navigate through it.", "answer_two": "Excited, as it sparks creativity and innovation.", "answer_three": "Prefer having clear instructions and guidance.", "answer_four": "Comfortable, and you enjoy finding your way in uncertain situations.", "answer_five": "The meticulous planner who ensures every detail is considered.", "question_image": ""}}, {"model": "interviewer.test", "pk": 95, "fields": {"title": "Question- 5", "test_detail_name": "AI - Personality Test", "department_name": "Artificial Intellegence", "test_description": null, "question_description": "What motivates you the most in your work?", "answer_one": "Achieving precision and accuracy in tasks.", "answer_two": "Facing intellectual challenges that require creative solutions.", "answer_three": "Building strong relationships and collaborating with others.", "answer_four": "Embracing variety and adapting to different situations.", "answer_five": "Comfortable, and you enjoy finding your way in uncertain situations.", "question_image": ""}}, {"model": "interviewer.test", "pk": 96, "fields": {"title": "Question - 1", "test_detail_name": "Teaching Skill Assessment", "department_name": "Mathematics Teaching", "test_description": null, "question_description": "One of the students in the class comes to you for the solution to a problem and states that they are having difficulty understanding the subject. What do you do first to solve this?", "answer_one": "One of the students in the class comes to you for the solution to a problem and states that they are having difficulty understanding the subject. What do you do first to solve this?", "answer_two": "I provide the student with additional examples related to similar problems.", "answer_three": ") I suggest additional resources for the student to review the subject at home.", "answer_four": "I demonstrate the step-by-step solution of the subject to the student.", "answer_five": "I recommend advanced resources for the student to learn the subject more thoroughly.", "question_image": ""}}, {"model": "interviewer.test", "pk": 97, "fields": {"title": "Question - 2", "test_detail_name": "Teaching Skill Assessment", "department_name": "Mathematics Teaching", "test_description": null, "question_description": "A group of students in your class wants to understand how the topics in the mathematics class are useful in practice. How do you approach this?", "answer_one": "I organize practical projects that include real-life examples for the students.", "answer_two": "I give a presentation to the students about how the topics can be used in daily life.", "answer_three": "I provide examples to the students to solve problems encountered in daily life related to the topics.", "answer_four": "I explain mathematical topics to the students by associating them with real-life scenarios.", "answer_five": "I organize projects in the class that focus on the practical applications of mathematical topics.", "question_image": ""}}, {"model": "interviewer.test", "pk": 98, "fields": {"title": "Question - 3", "test_detail_name": "Teaching Skill Assessment", "department_name": "Mathematics Teaching", "test_description": null, "question_description": "A student in the mathematics class mentions that they have difficulty understanding a topic and, therefore, cannot take notes frequently. What approach would you take to solve this?", "answer_one": ") I use visuals that show the subject from a different perspective for the student.", "answer_two": "I suggest different learning materials for the student to better understand the subject.", "answer_three": "I organize additional individual lessons for the student to better grasp the subject.", "answer_four": "I emphasize the importance of note-taking to the student while learning the subject and teach effective note-taking strategies.", "answer_five": "ı help the student understand the topic by solving it step by step together.", "question_image": ""}}, {"model": "interviewer.test", "pk": 99, "fields": {"title": "Question - 4", "test_detail_name": "Teaching Skill Assessment", "department_name": "Mathematics Teaching", "test_description": null, "question_description": "A group of students in the class wants to encourage helping each other when solving mathematical problems. What kind of activities do you organize to support this?", "answer_one": "I give tasks to the students to solve problems that require collaboration within the group.", "answer_two": "I provide opportunities for students to evaluate each other's solutions.", "answer_three": "I organize mathematics competitions in the class.", "answer_four": "I create opportunities for students to teach each other in mathematical subjects.", "answer_five": "I organize group activities in the class for students to solve mathematical problems together.", "question_image": ""}}, {"model": "interviewer.test", "pk": 100, "fields": {"title": "Question - 5", "test_detail_name": "Teaching Skill Assessment", "department_name": "Mathematics Teaching", "test_description": null, "question_description": "A student in the class often loses focus during the mathematics class. What strategies do you use to solve this?", "answer_one": "I organize more interactive activities in the lesson.", "answer_two": "I use visual materials when teaching students.", "answer_three": "I emphasize the importance of note-taking to the student.", "answer_four": "I change the seating arrangement in the class.", "answer_five": "I provide more opportunities for the student to practice while learning the topics.", "question_image": ""}}, {"model": "interviewer.test", "pk": 101, "fields": {"title": "Question - 1", "test_detail_name": "Testing Technical Evaluation", "department_name": "Test Engineer", "test_description": null, "question_description": "What is the primary goal of software testing in the software development life cycle?", "answer_one": "To write code efficiently.", "answer_two": "To identify defects and ensure software quality.", "answer_three": "To speed up the development process.", "answer_four": "To reduce the number of team members.", "answer_five": "Unit Testing", "question_image": ""}}, {"model": "interviewer.test", "pk": 102, "fields": {"title": "Question - 2", "test_detail_name": "Testing Technical Evaluation", "department_name": "Test Engineer", "test_description": null, "question_description": "Which testing level is focused on verifying that the software system works together as a whole?", "answer_one": "Integration Testing", "answer_two": "Unit Testing", "answer_three": "System Testing", "answer_four": "Security Testing", "answer_five": "Acceptance Testing", "question_image": ""}}, {"model": "interviewer.test", "pk": 103, "fields": {"title": "Question - 3", "test_detail_name": "Testing Technical Evaluation", "department_name": "Test Engineer", "test_description": null, "question_description": "What is the purpose of regression testing?", "answer_one": "To test a new feature.", "answer_two": "To ensure backward compatibility.", "answer_three": "To test a specific module.", "answer_four": "To test the system for the first time.", "answer_five": "To design the user interface.", "question_image": ""}}, {"model": "interviewer.test", "pk": 104, "fields": {"title": "Question - 4", "test_detail_name": "Testing Technical Evaluation", "department_name": "Test Engineer", "test_description": null, "question_description": "What is the role of a test case in software testing?", "answer_one": "To execute the code.", "answer_two": "To design the user interface.", "answer_three": "To specify input values and expected results.", "answer_four": "To write documentation.", "answer_five": "To test a new feature.", "question_image": ""}}, {"model": "interviewer.test", "pk": 105, "fields": {"title": "Question - 5", "test_detail_name": "Testing Technical Evaluation", "department_name": "Test Engineer", "test_description": null, "question_description": "Which testing method involves testing the application with a higher load than it is expected to handle?", "answer_one": "Stress Testing", "answer_two": "Unit Testing", "answer_three": "Sanity Testing", "answer_four": "System Testing", "answer_five": "Integration Testing", "question_image": ""}}, {"model": "interviewer.test", "pk": 106, "fields": {"title": "Question - 1", "test_detail_name": "Testing Problem Solving", "department_name": "Test Engineer", "test_description": null, "question_description": "Imagine you discover a security vulnerability in the code you are testing. What is the appropriate first step?", "answer_one": "Ignore it since it's not your responsibility.", "answer_two": "Report it to the development team or the relevant authority.", "answer_three": "Attempt to exploit the vulnerability to understand its impact.", "answer_four": "Document it for future reference.", "answer_five": "Document the inefficiency and report it to the development team.", "question_image": ""}}, {"model": "interviewer.test", "pk": 107, "fields": {"title": "Question -2", "test_detail_name": "Testing Problem Solving", "department_name": "Test Engineer", "test_description": null, "question_description": "During a code review, you find a section of code that seems inefficient and could potentially lead to performance issues. What should you do?", "answer_one": "Ignore it as it's not part of your testing responsibilities.", "answer_two": "Discuss it with the development team during a team meeting.", "answer_three": "Immediately refactor the code without notifying anyone.", "answer_four": "Document the inefficiency and report it to the development team.", "answer_five": "Document it for future reference.", "question_image": ""}}, {"model": "interviewer.test", "pk": 108, "fields": {"title": "Question - 3", "test_detail_name": "Testing Problem Solving", "department_name": "Test Engineer", "test_description": null, "question_description": "If you encounter a complex coding issue that requires deep technical knowledge, what is the best course of action?", "answer_one": "Solve the issue independently without involving others.", "answer_two": "Seek help from colleagues or subject matter experts.", "answer_three": "Ignore the issue and proceed with your testing tasks.", "answer_four": "Report the issue to the project manager.", "answer_five": "Document the issue but wait for someone else to report it.", "question_image": ""}}, {"model": "interviewer.test", "pk": 109, "fields": {"title": "Question - 4", "test_detail_name": "Testing Problem Solving", "department_name": "Test Engineer", "test_description": null, "question_description": "What steps would you take if you identify a potential data security breach while testing an application?", "answer_one": "Keep it confidential and proceed with testing.", "answer_two": "Report it immediately to the relevant stakeholders.", "answer_three": "Try to resolve the issue without involving others.", "answer_four": "Document the issue but wait for someone else to report it.", "answer_five": "Solve the issue independently without involving others.", "question_image": ""}}, {"model": "interviewer.test", "pk": 110, "fields": {"title": "Question - 5", "test_detail_name": "Testing Problem Solving", "department_name": "Test Engineer", "test_description": null, "question_description": "How would you handle a situation where you discover a critical flaw in the application's login system just before a scheduled release?", "answer_one": "Keep quiet to avoid delaying the release.", "answer_two": "Notify the development team and suggest delaying the release.", "answer_three": "Address the issue yourself without notifying others.", "answer_four": "Document the flaw for future reference.", "answer_five": "Report the issue to the project manager.", "question_image": ""}}, {"model": "interviewer.question", "pk": 22, "fields": {"title": "Mathematical Ability Test", "image": "questions/vector-mathematic-icons.jpg", "description": "<p>A Mathematical Ability Test is an assessment designed to evaluate an individual&#39;s proficiency in various mathematical concepts and problem-solving skills. These tests are commonly used in educational settings, employment assessments, and standardized testing.</p>", "date_posted": "2023-12-27T09:47:56Z", "is_active": true, "is_home": true, "slug": "mathematical-ability-test", "category": 9, "question_title": null, "test_name": "Mathematical Ability Test", "department_name": "Doctorate", "number_of_questions": "5", "question_description": "A Mathematical Ability Test is an assessment designed to evaluate an individual's proficiency in various mathematical concepts and problem-solving skills. These tests are commonly used in educational settings, employment assessments, and standardized testing.", "question_number": "5", "correct_answer": "Right-angled", "question_image": "", "tests": [5, 6, 7, 8, 9]}}, {"model": "interviewer.question", "pk": 24, "fields": {"title": "Problem Solving", "image": "questions/Creative-Problem-Solving-Process.jpeg", "description": "<p>Problem solving is a cognitive process that involves finding solutions to complex or challenging situations. It is a critical skill used in various aspects of life, including personal, professional, and academic settings.</p>", "date_posted": "2023-12-27T10:27:56Z", "is_active": true, "is_home": true, "slug": "problem-solving", "category": 9, "question_title": "Problem Solving", "test_name": "Problem Solving", "department_name": "Doctorate", "number_of_questions": "5", "question_description": "Problem solving is a cognitive process that involves finding solutions to complex or challenging situations. It is a critical skill used in various aspects of life, including personal, professional, and academic settings.", "question_number": null, "correct_answer": null, "question_image": "test/indir_7v9wDE7.png", "tests": [10, 11, 12, 13, 14]}}, {"model": "interviewer.question", "pk": 25, "fields": {"title": "Technical Competency Test", "image": "questions/yetkinlik-nedir2x-100_iZrj37E.jpg", "description": "<p>A technical competency assessment is a process used to evaluate and measure an individual&#39;s proficiency in specific technical skills and knowledge relevant to a particular job or field. This type of assessment is common in technical and IT-related industries, where specific technical skills are crucial for success in a role. The goal is to determine whether an individual possesses the necessary technical expertise to perform effectively in a given position.</p>", "date_posted": "2023-12-27T11:48:23Z", "is_active": true, "is_home": true, "slug": "technical-competency-test", "category": 9, "question_title": null, "test_name": "Technical Competency Assessment", "department_name": "Doctorate", "number_of_questions": "5", "question_description": "A technical competency assessment is a process used to evaluate and measure an individual's proficiency in specific technical skills and knowledge relevant to a particular job or field. This type of assessment is common in technical and IT-related industries, where specific technical skills are crucial for success in a role. The goal is to determine whether an individual possesses the necessary technical expertise to perform effectively in a given position.", "question_number": "5", "correct_answer": null, "question_image": "", "tests": [16, 17, 18, 19, 20]}}, {"model": "interviewer.question", "pk": 26, "fields": {"title": "Technical Skills Test", "image": "questions/technical-skills-list-2063775_final2-5b9ffdaec9e77c00502e1c2f.png", "description": "<p>Technical skills refer to the abilities and knowledge needed to perform specific tasks in a particular field or industry. These skills are often practical, hands-on, and directly related to a person&#39;s job or profession. Technical skills can be acquired through education, training, and practical experience.</p>", "date_posted": "2023-12-27T11:58:25Z", "is_active": true, "is_home": true, "slug": "technical-skills-test", "category": 11, "question_title": null, "test_name": "Business Analyst Technical Skilss", "department_name": "Business Analyst", "number_of_questions": "5", "question_description": "Technical skills refer to the abilities and knowledge needed to perform specific tasks in a particular field or industry. These skills are often practical, hands-on, and directly related to a person's job or profession. Technical skills can be acquired through education, training, and practical experience.", "question_number": null, "correct_answer": null, "question_image": "", "tests": [21, 22, 23, 24, 25]}}, {"model": "interviewer.question", "pk": 27, "fields": {"title": "Communication Skills", "image": "questions/62bf38493c10d5bd2a6f5bec_shutterstock_1151217977.jpg", "description": "<p>&quot;Communication skills test&quot; refers to an assessment or evaluation designed to measure an individual&#39;s proficiency in various aspects of communication. These tests are commonly used in educational, professional, and personal settings to assess an individual&#39;s ability to convey information effectively, listen actively, and interact appropriately with others.</p>", "date_posted": "2023-12-27T12:05:17Z", "is_active": true, "is_home": true, "slug": "communication-skills", "category": 11, "question_title": null, "test_name": "Business Analyst Communication Skills", "department_name": "Business Analyst", "number_of_questions": "5", "question_description": "\"Communication skills test\" refers to an assessment or evaluation designed to measure an individual's proficiency in various aspects of communication. These tests are commonly used in educational, professional, and personal settings to assess an individual's ability to convey information effectively, listen actively, and interact appropriately with others.", "question_number": null, "correct_answer": null, "question_image": "", "tests": [26, 27, 28, 29, 30]}}, {"model": "interviewer.question", "pk": 28, "fields": {"title": "Analytical Skills Test", "image": "questions/2023.000_NOV-CANDI_Blog_Analytical_1280x660.jpeg", "description": "<p>An analytical skills test is an assessment designed to evaluate an individual&#39;s ability to analyze information, think critically, and solve complex problems. Analytical skills are crucial in various professional settings, especially in roles that involve data analysis, decision-making, and problem-solving.</p>", "date_posted": "2023-12-27T12:13:18Z", "is_active": true, "is_home": true, "slug": "analytical-skills-test", "category": 11, "question_title": null, "test_name": "Analytical Skills Test", "department_name": "Business Analyst", "number_of_questions": "5", "question_description": "An analytical skills test is an assessment designed to evaluate an individual's ability to analyze information, think critically, and solve complex problems. Analytical skills are crucial in various professional settings, especially in roles that involve data analysis, decision-making, and problem-solving.", "question_number": "5", "correct_answer": null, "question_image": "", "tests": [31, 32, 33, 34, 35]}}, {"model": "interviewer.question", "pk": 29, "fields": {"title": "Adaptability", "image": "questions/AdobeStock_316500855-scaled.jpeg", "description": "<p>Adaptability refers to the ability of an individual or a system to adjust, change, and thrive in response to new or changing circumstances. It involves being flexible, open-minded, and resilient in the face of challenges, uncertainties, or unexpected changes. Adaptability is a valuable quality in various aspects of life, including personal, professional, and social settings.</p>", "date_posted": "2023-12-27T12:29:09Z", "is_active": true, "is_home": true, "slug": "adaptability", "category": 11, "question_title": "Adaptability", "test_name": "Adaptability Test", "department_name": "Business Analyst", "number_of_questions": "5", "question_description": "Adaptability refers to the ability of an individual or a system to adjust, change, and thrive in response to new or changing circumstances. It involves being flexible, open-minded, and resilient in the face of challenges, uncertainties, or unexpected changes. Adaptability is a valuable quality in various aspects of life, including personal, professional, and social settings.", "question_number": "5", "correct_answer": null, "question_image": "", "tests": [36, 37, 38, 39, 40]}}, {"model": "interviewer.question", "pk": 30, "fields": {"title": "Turkish Language Teaching Verbal Aptitude", "image": "questions/1423869443501.jpg", "description": "<p>A &quot;verbal aptitude test&quot; assesses an individual&#39;s proficiency in verbal skills, language comprehension, and communication. These tests are commonly used in various educational and employment settings to evaluate a person&#39;s ability to understand, analyze, and use language effectively.</p>", "date_posted": "2023-12-27T12:36:18Z", "is_active": true, "is_home": true, "slug": "turkish-language-teaching-verbal-aptitude", "category": 13, "question_title": null, "test_name": "Verbal Aptitude", "department_name": "Turkish Language Teaching", "number_of_questions": "5", "question_description": "A \"verbal aptitude test\" assesses an individual's proficiency in verbal skills, language comprehension, and communication. These tests are commonly used in various educational and employment settings to evaluate a person's ability to understand, analyze, and use language effectively.", "question_number": "5", "correct_answer": null, "question_image": "", "tests": [41, 42, 43, 44, 45]}}, {"model": "interviewer.question", "pk": 31, "fields": {"title": "Personality Inventory Test", "image": "questions/myers-briggs-type-indicator-new.jpg", "description": "<p>A Personality Inventory Test is a psychological assessment tool designed to measure and evaluate an individual&#39;s personality traits, behavioral patterns, and characteristics. These tests are used in various contexts, including clinical settings, employment evaluations, and research</p>", "date_posted": "2023-12-27T12:41:27Z", "is_active": true, "is_home": true, "slug": "personality-inventory-test", "category": 13, "question_title": null, "test_name": "Personality Inventory Test", "department_name": "Turkish Language Teaching", "number_of_questions": "5", "question_description": "A Personality Inventory Test is a psychological assessment tool designed to measure and evaluate an individual's personality traits, behavioral patterns, and characteristics. These tests are used in various contexts, including clinical settings, employment evaluations, and research", "question_number": "5", "correct_answer": null, "question_image": "", "tests": [46, 47, 48, 49, 50]}}, {"model": "interviewer.question", "pk": 32, "fields": {"title": "Turkish Language Teaching General Ability", "image": "questions/indir_1.png", "description": "<p>Turkish language, it could refer to a test assessing a person&#39;s overall aptitude or proficiency in the Turkish language. Such a test might cover various aspects, including vocabulary, grammar, reading comprehension, and verbal reasoning.</p>", "date_posted": "2023-12-27T12:44:16Z", "is_active": true, "is_home": true, "slug": "turkish-language-teaching-general-ability", "category": 13, "question_title": null, "test_name": "General Ability", "department_name": "Turkish Language Teaching", "number_of_questions": "5", "question_description": "Turkish language, it could refer to a test assessing a person's overall aptitude or proficiency in the Turkish language. Such a test might cover various aspects, including vocabulary, grammar, reading comprehension, and verbal reasoning.", "question_number": null, "correct_answer": null, "question_image": "", "tests": [51, 52, 53, 54, 55]}}, {"model": "interviewer.question", "pk": 33, "fields": {"title": "Social Skills", "image": "questions/07_V4-01.jpg", "description": "<p>Social skills refer to the ability to interact effectively and harmoniously with others in various social situations. These skills are essential for building and maintaining positive relationships, communicating clearly, and navigating social environments successfully.</p>", "date_posted": "2023-12-27T12:52:06Z", "is_active": true, "is_home": true, "slug": "social-skills", "category": 15, "question_title": null, "test_name": "Social Skills", "department_name": "Data Analyst", "number_of_questions": "5", "question_description": "Social skills refer to the ability to interact effectively and harmoniously with others in various social situations. These skills are essential for building and maintaining positive relationships, communicating clearly, and navigating social environments successfully.", "question_number": null, "correct_answer": null, "question_image": "", "tests": [56, 57, 58, 59, 60, 76, 77, 78, 79, 80]}}, {"model": "interviewer.question", "pk": 34, "fields": {"title": "Problem Solving Skills", "image": "questions/indir.jpeg", "description": "<p>Problem-solving skills refer to the ability to identify, analyze, and solve problems in a systematic and effective manner. These skills are valuable in various aspects of life, including personal, academic, and professional settings.</p>", "date_posted": "2023-12-27T12:56:32Z", "is_active": true, "is_home": true, "slug": "problem-solving-skills", "category": 15, "question_title": null, "test_name": "Problem Solving Skills", "department_name": "Data Analyst", "number_of_questions": "5", "question_description": "Problem-solving skills refer to the ability to identify, analyze, and solve problems in a systematic and effective manner. These skills are valuable in various aspects of life, including personal, academic, and professional settings.", "question_number": null, "correct_answer": null, "question_image": "", "tests": [61, 62, 63, 64, 65]}}, {"model": "interviewer.question", "pk": 35, "fields": {"title": "Security Knowledge Test", "image": "questions/indir_CoyQbes.jpeg", "description": "<p>A Security Knowledge Test is typically a set of questions or assessments designed to evaluate an individual&#39;s understanding and knowledge of security-related concepts and practices.</p>", "date_posted": "2023-12-27T13:21:07Z", "is_active": true, "is_home": true, "slug": "security-knowledge-test", "category": 10, "question_title": null, "test_name": "Security Knowledge Test", "department_name": "Banking", "number_of_questions": "5", "question_description": "A Security Knowledge Test is typically a set of questions or assessments designed to evaluate an individual's understanding and knowledge of security-related concepts and practices.", "question_number": null, "correct_answer": null, "question_image": "", "tests": [66, 67, 68, 69, 70]}}, {"model": "interviewer.question", "pk": 36, "fields": {"title": "Numerical Skill Test", "image": "questions/indir_1.jpeg", "description": "<p>A Numerical Skill Test is an assessment designed to evaluate an individual&#39;s proficiency in numerical reasoning and mathematical skills. These tests are commonly used in the context of employment assessments, educational evaluations, or professional certification processes.</p>", "date_posted": "2023-12-27T13:25:32Z", "is_active": true, "is_home": true, "slug": "numerical-skill-test", "category": 10, "question_title": null, "test_name": "Numerical Skill Test", "department_name": "Banking", "number_of_questions": "5", "question_description": "A Numerical Skill Test is an assessment designed to evaluate an individual's proficiency in numerical reasoning and mathematical skills. These tests are commonly used in the context of employment assessments, educational evaluations, or professional certification processes.", "question_number": null, "correct_answer": null, "question_image": "", "tests": [71, 72, 73, 74, 75]}}, {"model": "interviewer.question", "pk": 37, "fields": {"title": "Full Stack Developer Social Skills", "image": "questions/social-media-5187243_1280.png_1Wu8u2d.jpg", "description": "<p>Social skills refer to the ability to interact and communicate effectively with others in various social situations. These skills are crucial for building and maintaining positive relationships, both in personal and professional settings.</p>", "date_posted": "2023-12-27T13:31:47Z", "is_active": true, "is_home": true, "slug": "full-stack-developer-social-skills", "category": 7, "question_title": null, "test_name": "Social Skills", "department_name": "Full Stack Developer", "number_of_questions": "5", "question_description": "Social skills refer to the ability to interact and communicate effectively with others in various social situations. These skills are crucial for building and maintaining positive relationships, both in personal and professional settings.", "question_number": "5", "correct_answer": null, "question_image": "", "tests": [76, 77, 78, 79, 80]}}, {"model": "interviewer.question", "pk": 38, "fields": {"title": "Full Stack Developer Coding Skills", "image": "questions/Evolution-of-Coding-scaled.jpg", "description": "<p>A Full Stack Developer with strong coding skills possesses expertise in both front-end and back-end development, enabling them to work on all aspects of a web application or software project.</p>", "date_posted": "2023-12-27T13:38:31Z", "is_active": true, "is_home": true, "slug": "full-stack-developer-coding-skills", "category": 7, "question_title": null, "test_name": "Coding Skills", "department_name": "Full Stack Developer", "number_of_questions": "5", "question_description": "A Full Stack Developer with strong coding skills possesses expertise in both front-end and back-end development, enabling them to work on all aspects of a web application or software project.", "question_number": null, "correct_answer": null, "question_image": "", "tests": [81, 82, 83, 84, 85]}}, {"model": "interviewer.question", "pk": 39, "fields": {"title": "AI - Preliminary Test", "image": "questions/What-is-Artiificial-IntelligenceAI.webp", "description": "<p>An AI Preliminary Test typically refers to an assessment or examination designed to evaluate an individual&#39;s basic knowledge and understanding of Artificial Intelligence (AI) concepts. The test may cover foundational principles, terminology, and key concepts related to AI.</p>", "date_posted": "2023-12-27T13:43:27Z", "is_active": true, "is_home": true, "slug": "ai-preliminary-test", "category": 14, "question_title": null, "test_name": "AI - Preliminary Test", "department_name": "Artificial Intellegence", "number_of_questions": "5", "question_description": "An AI Preliminary Test typically refers to an assessment or examination designed to evaluate an individual's basic knowledge and understanding of Artificial Intelligence (AI) concepts. The test may cover foundational principles, terminology, and key concepts related to AI.", "question_number": null, "correct_answer": null, "question_image": "", "tests": [86, 87, 88, 89, 90]}}, {"model": "interviewer.question", "pk": 40, "fields": {"title": "AI - Personality Test", "image": "questions/ai.jpg", "description": "<p>A personality test is a psychological assessment designed to measure various aspects of an individual&#39;s personality. These tests are often used in a variety of contexts, including employment screening, academic research, and personal development. The aim is to gain insights into an individual&#39;s typical behavior, thought patterns, emotional responses, and interpersonal dynamics.</p>", "date_posted": "2023-12-27T13:47:43Z", "is_active": true, "is_home": true, "slug": "ai-personality-test", "category": 14, "question_title": null, "test_name": "AI - Personality Test", "department_name": "Artificial Intellegence", "number_of_questions": "5", "question_description": "A personality test is a psychological assessment designed to measure various aspects of an individual's personality. These tests are often used in a variety of contexts, including employment screening, academic research, and personal development. The aim is to gain insights into an individual's typical behavior, thought patterns, emotional responses, and interpersonal dynamics.", "question_number": null, "correct_answer": null, "question_image": "", "tests": [91, 92, 93, 94, 95]}}, {"model": "interviewer.question", "pk": 41, "fields": {"title": "Math - Teaching Skills Assesstment", "image": "questions/1_L76A5gL6176UbMgn7q4Ybg.jpg", "description": "<p>A Teaching Skills Assessment is an evaluation process used to gauge an individual&#39;s proficiency in various aspects of teaching. This assessment is often employed in educational settings to ensure that teachers possess the necessary skills and competencies to effectively instruct and support their students.</p>", "date_posted": "2023-12-27T13:53:11Z", "is_active": true, "is_home": true, "slug": "math-teaching-skills-assesstment", "category": 12, "question_title": null, "test_name": "Teaching Skills Assessments", "department_name": "Mathematics Teaching", "number_of_questions": "5", "question_description": "A Teaching Skills Assessment is an evaluation process used to gauge an individual's proficiency in various aspects of teaching. This assessment is often employed in educational settings to ensure that teachers possess the necessary skills and competencies to effectively instruct and support their students.", "question_number": null, "correct_answer": null, "question_image": "", "tests": [96, 97, 98, 99, 100]}}, {"model": "interviewer.question", "pk": 42, "fields": {"title": "Test Engineer Technical Evaluation", "image": "questions/indir_2.jpeg", "description": "<p>&nbsp;</p>\r\n\r\n<p>A Test Engineer Technical Evaluation is a process used to assess the technical skills and capabilities of an individual applying for a role as a Test Engineer. Test engineers are responsible for designing, implementing, and executing tests to ensure the quality and functionality of software or systems.</p>", "date_posted": "2023-12-27T13:58:52Z", "is_active": true, "is_home": true, "slug": "test-engineer-technical-evaluation", "category": 8, "question_title": null, "test_name": "Test Engineer Technical Evaluation", "department_name": "Test Engineer", "number_of_questions": "5", "question_description": "A Test Engineer Technical Evaluation is a process used to assess the technical skills and capabilities of an individual applying for a role as a Test Engineer. Test engineers are responsible for designing, implementing, and executing tests to ensure the quality and functionality of software or systems.", "question_number": null, "correct_answer": null, "question_image": "", "tests": [101, 102, 103, 104, 105]}}, {"model": "interviewer.question", "pk": 43, "fields": {"title": "Test Engineer Problem Solving", "image": "questions/indir_YrsAaxQ.png", "description": "<p>A Test Engineer Problem Solving evaluation is a process used to assess an individual&#39;s ability to solve problems and troubleshoot issues related to software testing. Test Engineers are responsible for identifying and addressing issues that may affect the quality and functionality of software or systems.</p>", "date_posted": "2023-12-27T14:03:16Z", "is_active": true, "is_home": true, "slug": "test-engineer-problem-solving", "category": 8, "question_title": null, "test_name": "Test Engineer Problem Solving", "department_name": "Test Engineer", "number_of_questions": "5", "question_description": "A Test Engineer Problem Solving evaluation is a process used to assess an individual's ability to solve problems and troubleshoot issues related to software testing. Test Engineers are responsible for identifying and addressing issues that may affect the quality and functionality of software or systems.", "question_number": null, "correct_answer": null, "question_image": "", "tests": [106, 107, 108, 109, 110]}}, {"model": "interviewer.contact", "pk": 1, "fields": {"name": "Aly Falcon", "email": "alyfalcon@gmail.com", "message": "This is an Awesome Test Text!"}}, {"model": "interviewer.contact", "pk": 4, "fields": {"name": "Özge Özgenç", "email": "alisahin999@gmail.com", "message": "This is a Test Text. You can Delete it."}}, {"model": "interviewer.contact", "pk": 5, "fields": {"name": "Rıdvan Güzel", "email": "alisahin999@gmail.com", "message": "This is a Test Text. You can Delete it."}}, {"model": "interviewer.contact", "pk": 7, "fields": {"name": "Alperen Çınar", "email": "alisahin999@gmail.com", "message": "This is a Test Text."}}, {"model": "interviewer.contact", "pk": 15, "fields": {"name": "Berkay Çimen", "email": "berkaycimen77@gmail.com", "message": "Test Message"}}, {"model": "interviewer.contact", "pk": 16, "fields": {"name": "Ali Şahin", "email": "alisahin999@gmail.com", "message": "This is an Awesome Text!"}}, {"model": "interviewer.contact", "pk": 23, "fields": {"name": "Berkay Çimen", "email": "berkaycimen77@gmail.com", "message": "This is an Awesome Text!"}}]